indice,valor_singular
1,38594.8
2,6037.34
3,4431.03
4,3902.28
5,2848
6,2690.82
7,2353.8
8,1763.81
9,1479.39
10,1405.24
11,1311.28
12,1141.37
13,1088
14,982.694
15,940.852
16,834.856
17,762.093
18,714.784
19,666.335
20,657.668
21,610.394
22,600.91
23,585.618
24,557.778
25,542.944
26,499.506
27,494.095
28,473.237
29,453.735
30,444.201
31,427.34
32,411.713
33,406.14
34,391.179
35,384.627
36,376.762
37,365.926
38,355.33
39,351.096
40,350.094
41,334.999
42,325.374
43,312.927
44,309.589
45,307.663
46,301.894
47,297.836
48,295.013
49,294.619
50,289.077
51,282.369
52,281.64
53,273.834
54,269.362
55,267.509
56,264.975
57,259.032
58,255.538
59,249.487
60,246.718
61,244.289
62,239.834
63,236.91
64,233.255
65,229.843
66,226.221
67,218.852
68,218.452
69,217.661
70,210.45
71,207.95
72,206.151
73,203.688
74,202.712
75,198.958
76,198.5
77,196.176
78,195.081
79,189.433
80,187.721
81,185.929
82,182.276
83,178.88
84,177.879
85,174.465
86,172.5
87,168.068
88,167.252
89,166.231
90,163.483
91,162.418
92,157.83
93,156.331
94,155.975
95,154.467
96,152.308
97,150.722
98,147.81
99,146.065
100,143.925
101,142.742
102,140.493
103,139.751
104,135.985
105,134.769
106,133.341
107,131.202
108,130.481
109,127.548
110,125.703
111,124.359
112,122.414
113,121.511
114,118.32
115,116.851
116,115.578
117,112.069
118,111.205
119,110.535
120,109.101
121,107.355
122,105.583
123,104.684
124,104.511
125,103.476
126,101.319
127,100.553
128,99.7163
129,99.2847
130,97.0852
131,95.7293
132,94.1554
133,92.3263
134,92.0765
135,90.7765
136,89.0113
137,88.8188
138,86.0969
139,85.4768
140,83.9929
141,83.7527
142,81.9845
143,80.8082
144,79.348
145,77.2789
146,76.5311
147,76.0186
148,75.1315
149,72.745
150,72.6316
151,72.3724
152,70.0004
153,69.4037
154,68.6562
155,67.7192
156,66.4049
157,65.6217
158,64.6291
159,63.7056
160,62.2227
161,61.7824
162,60.8413
163,60.3049
164,59.4312
165,57.7889
166,57.7826
167,57.1518
168,56.1113
169,56.1068
170,53.918
171,52.9318
172,52.4383
173,51.7584
174,51.1417
175,49.4621
176,49.1986
177,48.0108
178,47.3255
179,46.2169
180,45.3066
181,44.7832
182,44.1859
183,43.8124
184,42.9938
185,41.9693
186,41.6383
187,41.1825
188,39.8495
189,38.4867
190,37.9057
191,36.898
192,35.9087
193,35.5765
194,34.9229
195,34.2774
196,33.5181
197,32.3181
198,31.6125
199,31.3513
200,30.3819
201,29.9568
202,29.3879
203,27.8622
204,27.5519
205,26.8243
206,25.8911
207,25.4691
208,24.3641
209,24.0767
210,22.8809
211,22.5295
212,22.3103
213,21.5148
214,21.1149
215,19.5709
216,19.3914
217,19.3391
218,18.1707
219,17.4315
220,16.5682
221,16.2164
222,15.5695
223,15.242
224,14.7897
225,14.409
226,14.1438
227,13.8026
228,13.0836
229,13.0115
230,11.5166
231,11.0048
232,9.1217
233,9.03202
234,8.8268
235,7.59396
236,7.18062
