x,y,temperatura,tipo
0,0,50,frontera
0,0.047619,50,frontera
0,0.0952381,50,frontera
0,0.142857,50,frontera
0,0.190476,50,frontera
0,0.238095,50,frontera
0,0.285714,50,frontera
0,0.333333,50,frontera
0,0.380952,50,frontera
0,0.428571,50,frontera
0,0.47619,50,frontera
0,0.52381,50,frontera
0,0.571429,50,frontera
0,0.619048,50,frontera
0,0.666667,50,frontera
0,0.714286,50,frontera
0,0.761905,50,frontera
0,0.809524,50,frontera
0,0.857143,50,frontera
0,0.904762,50,frontera
0,0.952381,50,frontera
0,1,50,frontera
0.047619,0,0,frontera
0.047619,0.047619,25.2552,interno
0.047619,0.0952381,35.3941,interno
0.047619,0.142857,40.3008,interno
0.047619,0.190476,43.1084,interno
0.047619,0.238095,44.9461,interno
0.047619,0.285714,46.2792,interno
0.047619,0.333333,47.3262,interno
0.047619,0.380952,48.2028,interno
0.047619,0.428571,48.9779,interno
0.047619,0.47619,49.6982,interno
0.047619,0.52381,50.4001,interno
0.047619,0.571429,51.1171,interno
0.047619,0.619048,51.8861,interno
0.047619,0.666667,52.7543,interno
0.047619,0.714286,53.7912,interno
0.047619,0.761905,55.1132,interno
0.047619,0.809524,56.9392,interno
0.047619,0.857143,59.7349,interno
0.047619,0.904762,64.6297,interno
0.047619,0.952381,74.7567,interno
0.047619,1,100,frontera
0.0952381,0,0,frontera
0.0952381,0.047619,15.6265,interno
0.0952381,0.0952381,26.0205,interno
0.0952381,0.142857,32.7007,interno
0.0952381,0.190476,37.1868,interno
0.0952381,0.238095,40.3968,interno
0.0952381,0.285714,42.8446,interno
0.0952381,0.333333,44.8229,interno
0.0952381,0.380952,46.5071,interno
0.0952381,0.428571,48.0107,interno
0.0952381,0.47619,49.4149,interno
0.0952381,0.52381,50.785,interno
0.0952381,0.571429,52.1823,interno
0.0952381,0.619048,53.6731,interno
0.0952381,0.666667,55.3398,interno
0.0952381,0.714286,57.2973,interno
0.0952381,0.761905,59.7224,interno
0.0952381,0.809524,62.9087,interno
0.0952381,0.857143,67.3708,interno
0.0952381,0.904762,74.0271,interno
0.0952381,0.952381,84.3972,interno
0.0952381,1,100,frontera
0.142857,0,0,frontera
0.142857,0.047619,11.2305,interno
0.142857,0.0952381,20.3606,interno
0.142857,0.142857,27.2948,interno
0.142857,0.190476,32.5413,interno
0.142857,0.238095,36.6096,interno
0.142857,0.285714,39.8796,interno
0.142857,0.333333,42.6136,interno
0.142857,0.380952,44.9919,interno
0.142857,0.428571,47.143,interno
0.142857,0.47619,49.1656,interno
0.142857,0.52381,51.1428,interno
0.142857,0.571429,53.154,interno
0.142857,0.619048,55.2843,interno
0.142857,0.666667,57.6344,interno
0.142857,0.714286,60.3357,interno
0.142857,0.761905,63.5705,interno
0.142857,0.809524,67.6025,interno
0.142857,0.857143,72.8126,interno
0.142857,0.904762,79.7107,interno
0.142857,0.952381,88.805,interno
0.142857,1,100,frontera
0.190476,0,0,frontera
0.190476,0.047619,8.93485,interno
0.190476,0.0952381,16.8964,interno
0.190476,0.142857,23.5766,interno
0.190476,0.190476,29.074,interno
0.190476,0.238095,33.6206,interno
0.190476,0.285714,37.4506,interno
0.190476,0.333333,40.7601,interno
0.190476,0.380952,43.7038,interno
0.190476,0.428571,46.404,interno
0.190476,0.47619,48.9615,interno
0.190476,0.52381,51.4665,interno
0.190476,0.571429,54.0068,interno
0.190476,0.619048,56.6755,interno
0.190476,0.666667,59.5779,interno
0.190476,0.714286,62.8406,interno
0.190476,0.761905,66.6214,interno
0.190476,0.809524,71.1181,interno
0.190476,0.857143,76.5663,interno
0.190476,0.904762,83.1981,interno
0.190476,0.952381,91.1122,interno
0.190476,1,100,frontera
0.238095,0,0,frontera
0.238095,0.047619,7.61249,interno
0.238095,0.0952381,14.7137,interno
0.238095,0.142857,21.0412,interno
0.238095,0.190476,26.5576,interno
0.238095,0.238095,31.3481,interno
0.238095,0.285714,35.5421,interno
0.238095,0.333333,39.2724,interno
0.238095,0.380952,42.6593,interno
0.238095,0.428571,45.8075,interno
0.238095,0.47619,48.8102,interno
0.238095,0.52381,51.7548,interno
0.238095,0.571429,54.7311,interno
0.238095,0.619048,57.8329,interno
0.238095,0.666667,61.1613,interno
0.238095,0.714286,64.8275,interno
0.238095,0.761905,68.9562,interno
0.238095,0.809524,73.6823,interno
0.238095,0.857143,79.1363,interno
0.238095,0.904762,85.4033,interno
0.238095,0.952381,92.4456,interno
0.238095,1,100,frontera
0.285714,0,0,frontera
0.285714,0.047619,6.80138,interno
0.285714,0.0952381,13.3047,interno
0.285714,0.142857,19.317,interno
0.285714,0.190476,24.7671,interno
0.285714,0.238095,29.6721,interno
0.285714,0.285714,34.0973,interno
0.285714,0.333333,38.1282,interno
0.285714,0.380952,41.8533,interno
0.285714,0.428571,45.3567,interno
0.285714,0.47619,48.7168,interno
0.285714,0.52381,52.0115,interno
0.285714,0.571429,55.3298,interno
0.285714,0.619048,58.7638,interno
0.285714,0.666667,62.4066,interno
0.285714,0.714286,66.352,interno
0.285714,0.761905,70.6936,interno
0.285714,0.809524,75.5187,interno
0.285714,0.857143,80.8931,interno
0.285714,0.904762,86.8333,interno
0.285714,0.952381,93.267,interno
0.285714,1,100,frontera
0.333333,0,0,frontera
0.333333,0.047619,6.28836,interno
0.333333,0.0952381,12.3866,interno
0.333333,0.142857,18.155,interno
0.333333,0.190476,23.5218,interno
0.333333,0.238095,28.4757,interno
0.333333,0.285714,33.0469,interno
0.333333,0.333333,37.2898,interno
0.333333,0.380952,41.269,interno
0.333333,0.428571,45.0491,interno
0.333333,0.47619,48.6887,interno
0.333333,0.52381,52.2448,interno
0.333333,0.571429,55.8127,interno
0.333333,0.619048,59.486,interno
0.333333,0.666667,63.3494,interno
0.333333,0.714286,67.4803,interno
0.333333,0.761905,71.9475,interno
0.333333,0.809524,76.8058,interno
0.333333,0.857143,82.0842,interno
0.333333,0.904762,87.7697,interno
0.333333,0.952381,93.7889,interno
0.333333,1,100,frontera
0.380952,0,0,frontera
0.380952,0.047619,5.96541,interno
0.380952,0.0952381,11.7986,interno
0.380952,0.142857,17.3944,interno
0.380952,0.190476,22.6894,interno
0.380952,0.238095,27.662,interno
0.380952,0.285714,32.3249,interno
0.380952,0.333333,36.7152,interno
0.380952,0.380952,40.8836,interno
0.380952,0.428571,44.8821,interno
0.380952,0.47619,48.7442,interno
0.380952,0.52381,52.4662,interno
0.380952,0.571429,56.1903,interno
0.380952,0.619048,60.018,interno
0.380952,0.666667,64.0248,interno
0.380952,0.714286,68.2723,interno
0.380952,0.761905,72.8104,interno
0.380952,0.809524,77.6727,interno
0.380952,0.857143,82.8683,interno
0.380952,0.904762,88.3725,interno
0.380952,0.952381,94.1189,interno
0.380952,1,100,frontera
0.428571,0,0,frontera
0.428571,0.047619,5.77472,interno
0.428571,0.0952381,11.4478,interno
0.428571,0.142857,16.9347,interno
0.428571,0.190476,22.1795,interno
0.428571,0.238095,27.1579,interno
0.428571,0.285714,31.8755,interno
0.428571,0.333333,36.3624,interno
0.428571,0.380952,40.6681,interno
0.428571,0.428571,44.8516,interno
0.428571,0.47619,48.9397,interno
0.428571,0.52381,52.6857,interno
0.428571,0.571429,56.4641,interno
0.428571,0.619048,60.371,interno
0.428571,0.666667,64.4594,interno
0.428571,0.714286,68.7737,interno
0.428571,0.761905,73.3491,interno
0.428571,0.809524,78.2062,interno
0.428571,0.857143,83.3438,interno
0.428571,0.904762,88.7331,interno
0.428571,0.952381,94.3143,interno
0.428571,1,100,frontera
0.47619,0,0,frontera
0.47619,0.047619,5.68573,interno
0.47619,0.0952381,11.2831,interno
0.47619,0.142857,16.7171,interno
0.47619,0.190476,21.9359,interno
0.47619,0.238095,26.9148,interno
0.47619,0.285714,31.6568,interno
0.47619,0.333333,36.1908,interno
0.47619,0.380952,40.5748,interno
0.47619,0.428571,44.9167,interno
0.47619,0.47619,49.4771,interno
0.47619,0.52381,52.8729,interno
0.47619,0.571429,56.6093,interno
0.47619,0.619048,60.5423,interno
0.47619,0.666667,64.6683,interno
0.47619,0.714286,69.0139,interno
0.47619,0.761905,73.6061,interno
0.47619,0.809524,78.4592,interno
0.47619,0.857143,83.5677,interno
0.47619,0.904762,88.9017,interno
0.47619,0.952381,94.4052,interno
0.47619,1,100,frontera
0.52381,0,0,frontera
0.52381,0.047619,5.6851,interno
0.52381,0.0952381,11.2817,interno
0.52381,0.142857,16.7148,interno
0.52381,0.190476,21.9321,interno
0.52381,0.238095,26.9086,interno
0.52381,0.285714,31.6459,interno
0.52381,0.333333,36.1693,interno
0.52381,0.380952,40.5235,interno
0.52381,0.428571,44.7632,interno
0.52381,0.47619,48.9116,interno
0.52381,0.52381,52.7194,interno
0.52381,0.571429,56.558,interno
0.52381,0.619048,60.5208,interno
0.52381,0.666667,64.6574,interno
0.52381,0.714286,69.0077,interno
0.52381,0.761905,73.6022,interno
0.52381,0.809524,78.4567,interno
0.52381,0.857143,83.5661,interno
0.52381,0.904762,88.9007,interno
0.52381,0.952381,94.4047,interno
0.52381,1,100,frontera
0.571429,0,0,frontera
0.571429,0.047619,5.77295,interno
0.571429,0.0952381,11.4439,interno
0.571429,0.142857,16.9282,interno
0.571429,0.190476,22.1692,interno
0.571429,0.238095,27.1416,interno
0.571429,0.285714,31.8489,interno
0.571429,0.333333,36.3171,interno
0.571429,0.380952,40.5866,interno
0.571429,0.428571,44.701,interno
0.571429,0.47619,48.6868,interno
0.571429,0.52381,52.535,interno
0.571429,0.571429,56.3825,interno
0.571429,0.619048,60.3256,interno
0.571429,0.666667,64.4327,interno
0.571429,0.714286,68.7571,interno
0.571429,0.761905,73.3385,interno
0.571429,0.809524,78.1993,interno
0.571429,0.857143,83.3394,interno
0.571429,0.904762,88.7304,interno
0.571429,0.952381,94.313,interno
0.571429,1,100,frontera
0.619048,0,0,frontera
0.619048,0.047619,5.96275,interno
0.619048,0.0952381,11.7929,interno
0.619048,0.142857,17.3849,interno
0.619048,0.190476,22.6747,interno
0.619048,0.238095,27.6397,interno
0.619048,0.285714,32.2911,interno
0.619048,0.333333,36.6636,interno
0.619048,0.380952,40.805,interno
0.619048,0.428571,44.7673,interno
0.619048,0.47619,48.5996,interno
0.619048,0.52381,52.3514,interno
0.619048,0.571429,56.1115,interno
0.619048,0.619048,59.9662,interno
0.619048,0.666667,63.9907,interno
0.619048,0.714286,68.2497,interno
0.619048,0.761905,72.7952,interno
0.619048,0.809524,77.6625,interno
0.619048,0.857143,82.8617,interno
0.619048,0.904762,88.3685,interno
0.619048,0.952381,94.117,interno
0.619048,1,100,frontera
0.666667,0,0,frontera
0.666667,0.047619,6.28518,interno
0.666667,0.0952381,12.3799,interno
0.666667,0.142857,18.1439,interno
0.666667,0.190476,23.5051,interno
0.666667,0.238095,28.4514,interno
0.666667,0.285714,33.0122,interno
0.666667,0.333333,37.241,interno
0.666667,0.380952,41.2024,interno
0.666667,0.428571,44.9638,interno
0.666667,0.47619,48.5928,interno
0.666667,0.52381,52.1594,interno
0.666667,0.571429,55.746,interno
0.666667,0.619048,59.437,interno
0.666667,0.666667,63.3144,interno
0.666667,0.714286,67.4556,interno
0.666667,0.761905,71.9302,interno
0.666667,0.809524,76.7939,interno
0.666667,0.857143,82.0763,interno
0.666667,0.904762,87.7649,interno
0.666667,0.952381,93.7866,interno
0.666667,1,100,frontera
0.714286,0,0,frontera
0.714286,0.047619,6.79804,interno
0.714286,0.0952381,13.2977,interno
0.714286,0.142857,19.3057,interno
0.714286,0.190476,24.7505,interno
0.714286,0.238095,29.6486,interno
0.714286,0.285714,34.0654,interno
0.714286,0.333333,38.0859,interno
0.714286,0.380952,41.7996,interno
0.714286,0.428571,45.2928,interno
0.714286,0.47619,48.6483,interno
0.714286,0.52381,51.9476,interno
0.714286,0.571429,55.2759,interno
0.714286,0.619048,58.7213,interno
0.714286,0.666667,62.3743,interno
0.714286,0.714286,66.3281,interno
0.714286,0.761905,70.6763,interno
0.714286,0.809524,75.5064,interno
0.714286,0.857143,80.8848,interno
0.714286,0.904762,86.8281,interno
0.714286,0.952381,93.2645,interno
0.714286,1,100,frontera
0.761905,0,0,frontera
0.761905,0.047619,7.60929,interno
0.761905,0.0952381,14.7071,interno
0.761905,0.142857,21.0307,interno
0.761905,0.190476,26.5424,interno
0.761905,0.238095,31.3273,interno
0.761905,0.285714,35.5147,interno
0.761905,0.333333,39.2377,interno
0.761905,0.380952,42.6172,interno
0.761905,0.428571,45.7596,interno
0.761905,0.47619,48.7599,interno
0.761905,0.52381,51.7069,interno
0.761905,0.571429,54.6889,interno
0.761905,0.619048,57.7979,interno
0.761905,0.666667,61.1335,interno
0.761905,0.714286,64.8062,interno
0.761905,0.761905,68.9403,interno
0.761905,0.809524,73.6708,interno
0.761905,0.857143,79.1283,interno
0.761905,0.904762,85.3983,interno
0.761905,0.952381,92.4432,interno
0.761905,1,100,frontera
0.809524,0,0,frontera
0.809524,0.047619,8.93205,interno
0.809524,0.0952381,16.8907,interno
0.809524,0.142857,23.5675,interno
0.809524,0.190476,29.0612,interno
0.809524,0.238095,33.6034,interno
0.809524,0.285714,37.4285,interno
0.809524,0.333333,40.733,interno
0.809524,0.380952,43.6719,interno
0.809524,0.428571,46.3686,interno
0.809524,0.47619,48.9248,interno
0.809524,0.52381,51.431,interno
0.809524,0.571429,53.9747,interno
0.809524,0.619048,56.6481,interno
0.809524,0.666667,59.5555,interno
0.809524,0.714286,62.8229,interno
0.809524,0.761905,66.6078,interno
0.809524,0.809524,71.1081,interno
0.809524,0.857143,76.5593,interno
0.809524,0.904762,83.1937,interno
0.809524,0.952381,91.1101,interno
0.809524,1,100,frontera
0.857143,0,0,frontera
0.857143,0.047619,11.2283,interno
0.857143,0.0952381,20.356,interno
0.857143,0.142857,27.2877,interno
0.857143,0.190476,32.5313,interno
0.857143,0.238095,36.5964,interno
0.857143,0.285714,39.8631,interno
0.857143,0.333333,42.5937,interno
0.857143,0.380952,44.969,interno
0.857143,0.428571,47.118,interno
0.857143,0.47619,49.1397,interno
0.857143,0.52381,51.1177,interno
0.857143,0.571429,53.131,interno
0.857143,0.619048,55.2642,interno
0.857143,0.666667,57.6176,interno
0.857143,0.714286,60.3222,interno
0.857143,0.761905,63.56,interno
0.857143,0.809524,67.5946,interno
0.857143,0.857143,72.807,interno
0.857143,0.904762,79.7072,interno
0.857143,0.952381,88.8033,interno
0.857143,1,100,frontera
0.904762,0,0,frontera
0.904762,0.047619,15.625,interno
0.904762,0.0952381,26.0173,interno
0.904762,0.142857,32.6958,interno
0.904762,0.190476,37.18,interno
0.904762,0.238095,40.388,interno
0.904762,0.285714,42.8337,interno
0.904762,0.333333,44.8099,interno
0.904762,0.380952,46.4923,interno
0.904762,0.428571,47.9947,interno
0.904762,0.47619,49.3984,interno
0.904762,0.52381,50.7689,interno
0.904762,0.571429,52.1674,interno
0.904762,0.619048,53.66,interno
0.904762,0.666667,55.3286,interno
0.904762,0.714286,57.2882,interno
0.904762,0.761905,59.7153,interno
0.904762,0.809524,62.9033,interno
0.904762,0.857143,67.367,interno
0.904762,0.904762,74.0247,interno
0.904762,0.952381,84.396,interno
0.904762,1,100,frontera
0.952381,0,0,frontera
0.952381,0.047619,25.2544,interno
0.952381,0.0952381,35.3925,interno
0.952381,0.142857,40.2983,interno
0.952381,0.190476,43.105,interno
0.952381,0.238095,44.9417,interno
0.952381,0.285714,46.2738,interno
0.952381,0.333333,47.3198,interno
0.952381,0.380952,48.1955,interno
0.952381,0.428571,48.9701,interno
0.952381,0.47619,49.6902,interno
0.952381,0.52381,50.3922,interno
0.952381,0.571429,51.1098,interno
0.952381,0.619048,51.8796,interno
0.952381,0.666667,52.7487,interno
0.952381,0.714286,53.7866,interno
0.952381,0.761905,55.1096,interno
0.952381,0.809524,56.9365,interno
0.952381,0.857143,59.733,interno
0.952381,0.904762,64.6284,interno
0.952381,0.952381,74.7561,interno
0.952381,1,100,frontera
1,0,50,frontera
1,0.047619,50,frontera
1,0.0952381,50,frontera
1,0.142857,50,frontera
1,0.190476,50,frontera
1,0.238095,50,frontera
1,0.285714,50,frontera
1,0.333333,50,frontera
1,0.380952,50,frontera
1,0.428571,50,frontera
1,0.47619,50,frontera
1,0.52381,50,frontera
1,0.571429,50,frontera
1,0.619048,50,frontera
1,0.666667,50,frontera
1,0.714286,50,frontera
1,0.761905,50,frontera
1,0.809524,50,frontera
1,0.857143,50,frontera
1,0.904762,50,frontera
1,0.952381,50,frontera
1,1,50,frontera
