tiempo,S,E,I,R
0.0,29999900.0,0.0,100.0,0.0
0.1,29999894.0,5.9,99.1,1.0
0.2,29999888.1,11.7,98.3,2.0
0.3,29999882.2,17.2,97.6,3.0
0.4,29999876.4,22.7,97.0,3.9
0.5,29999870.6,28.0,96.5,4.9
0.6,29999864.8,33.1,96.2,5.9
0.7,29999859.1,38.2,95.9,6.8
0.8,29999853.3,43.1,95.8,7.8
0.9,29999847.6,48.0,95.7,8.7
1.0,29999841.8,52.7,95.8,9.7
1.1,29999836.1,57.4,95.9,10.7
1.2,29999830.3,61.9,96.2,11.6
1.3,29999824.5,66.4,96.5,12.6
1.4,29999818.7,70.8,96.9,13.5
1.5,29999812.9,75.2,97.4,14.5
1.6,29999807.0,79.5,97.9,15.5
1.7,29999801.1,83.8,98.6,16.5
1.8,29999795.2,88.0,99.3,17.5
1.9,29999789.2,92.2,100.1,18.5
2.0,29999783.2,96.3,101.0,19.5
2.1,29999777.1,100.5,102.0,20.5
2.2,29999770.9,104.6,103.0,21.5
2.3,29999764.7,108.6,104.1,22.5
2.4,29999758.4,112.7,105.3,23.6
2.5,29999752.1,116.8,106.5,24.7
2.6,29999745.7,120.8,107.8,25.7
2.7,29999739.2,124.9,109.2,26.8
2.8,29999732.6,128.9,110.6,27.9
2.9,29999725.9,133.0,112.1,29.0
3.0,29999719.1,137.1,113.7,30.1
3.1,29999712.2,141.1,115.3,31.3
3.2,29999705.3,145.2,117.0,32.5
3.3,29999698.2,149.4,118.8,33.6
3.4,29999691.0,153.5,120.6,34.8
3.5,29999683.7,157.7,122.5,36.0
3.6,29999676.3,161.9,124.5,37.3
3.7,29999668.8,166.2,126.5,38.5
3.8,29999661.1,170.5,128.6,39.8
3.9,29999653.4,174.8,130.8,41.1
4.0,29999645.4,179.2,133.0,42.4
4.1,29999637.4,183.6,135.3,43.8
4.2,29999629.2,188.0,137.6,45.1
4.3,29999620.9,192.6,140.0,46.5
4.4,29999612.4,197.1,142.5,47.9
4.5,29999603.8,201.8,145.1,49.4
4.6,29999595.0,206.5,147.7,50.8
4.7,29999586.1,211.3,150.4,52.3
4.8,29999576.9,216.1,153.1,53.8
4.9,29999567.7,221.0,156.0,55.4
5.0,29999558.2,226.0,158.8,57.0
5.1,29999548.6,231.0,161.8,58.6
5.2,29999538.8,236.1,164.9,60.2
5.3,29999528.8,241.3,168.0,61.9
5.4,29999518.7,246.6,171.1,63.6
5.5,29999508.3,252.0,174.4,65.3
5.6,29999497.7,257.5,177.7,67.0
5.7,29999487.0,263.0,181.2,68.8
5.8,29999476.0,268.7,184.6,70.7
5.9,29999464.8,274.5,188.2,72.5
6.0,29999453.4,280.3,191.9,74.4
6.1,29999441.8,286.3,195.6,76.4
6.2,29999429.9,292.3,199.4,78.3
6.3,29999417.9,298.5,203.3,80.4
6.4,29999405.5,304.8,207.3,82.4
6.5,29999393.0,311.2,211.3,84.5
6.6,29999380.2,317.7,215.5,86.6
6.7,29999367.1,324.3,219.7,88.8
6.8,29999353.8,331.1,224.1,91.0
6.9,29999340.2,338.0,228.5,93.3
7.0,29999326.4,345.0,233.0,95.6
7.1,29999312.3,352.1,237.6,98.0
7.2,29999297.9,359.4,242.4,100.4
7.3,29999283.2,366.8,247.2,102.8
7.4,29999268.2,374.4,252.1,105.3
7.5,29999252.9,382.1,257.1,107.8
7.6,29999237.4,390.0,262.2,110.4
7.7,29999221.5,398.0,267.5,113.1
7.8,29999205.3,406.2,272.8,115.8
7.9,29999188.7,414.5,278.2,118.5
8.0,29999171.9,423.0,283.8,121.4
8.1,29999154.7,431.6,289.5,124.2
8.2,29999137.1,440.4,295.3,127.1
8.3,29999119.2,449.4,301.2,130.1
8.4,29999101.0,458.6,307.2,133.2
8.5,29999082.4,468.0,313.4,136.3
8.6,29999063.4,477.5,319.7,139.4
8.7,29999044.0,487.2,326.1,142.7
8.8,29999024.2,497.1,332.7,146.0
8.9,29999004.1,507.3,339.3,149.3
9.0,29998983.5,517.6,346.2,152.8
9.1,29998962.5,528.1,353.1,156.2
9.2,29998941.1,538.8,360.2,159.8
9.3,29998919.3,549.8,367.5,163.5
9.4,29998897.0,560.9,374.9,167.2
9.5,29998874.3,572.3,382.4,170.9
9.6,29998851.1,583.9,390.1,174.8
9.7,29998827.5,595.8,398.0,178.8
9.8,29998803.4,607.9,406.0,182.8
9.9,29998778.8,620.2,414.2,186.9
10.0,29998753.7,632.7,422.5,191.1
10.1,29998728.1,645.6,431.0,195.3
10.2,29998702.0,658.6,439.7,199.7
10.3,29998675.3,672.0,448.6,204.1
10.4,29998648.1,685.6,457.6,208.6
10.5,29998620.4,699.5,466.9,213.3
10.6,29998592.1,713.6,476.3,218.0
10.7,29998563.2,728.1,485.9,222.8
10.8,29998533.8,742.8,495.7,227.7
10.9,29998503.8,757.8,505.7,232.7
11.0,29998473.1,773.2,515.9,237.8
11.1,29998441.9,788.8,526.3,243.0
11.2,29998410.0,804.8,536.9,248.3
11.3,29998377.4,821.1,547.7,253.8
11.4,29998344.2,837.7,558.8,259.3
11.5,29998310.4,854.6,570.1,264.9
11.6,29998275.8,871.9,581.6,270.7
11.7,29998240.6,889.5,593.3,276.6
11.8,29998204.6,907.5,605.3,282.6
11.9,29998167.9,925.9,617.5,288.7
12.0,29998130.5,944.6,630.0,294.9
12.1,29998092.4,963.7,642.7,301.3
12.2,29998053.4,983.1,655.7,307.8
12.3,29998013.7,1003.0,668.9,314.4
12.4,29997973.1,1023.3,682.4,321.2
12.5,29997931.8,1044.0,696.2,328.0
12.6,29997889.6,1065.1,710.3,335.1
12.7,29997846.6,1086.6,724.6,342.3
12.8,29997802.6,1108.6,739.2,349.6
12.9,29997757.8,1131.0,754.2,357.0
13.0,29997712.1,1153.8,769.4,364.7
13.1,29997665.5,1177.1,784.9,372.4
13.2,29997618.0,1200.9,800.8,380.4
13.3,29997569.4,1225.2,816.9,388.4
13.4,29997519.9,1249.9,833.4,396.7
13.5,29997469.4,1275.2,850.3,405.1
13.6,29997417.9,1301.0,867.4,413.7
13.7,29997365.3,1327.2,885.0,422.5
13.8,29997311.7,1354.1,902.8,431.4
13.9,29997257.0,1381.4,921.1,440.5
14.0,29997201.2,1409.3,939.7,449.8
14.1,29997144.2,1437.8,958.7,459.3
14.2,29997086.1,1466.8,978.0,469.0
14.3,29997026.9,1496.5,997.8,478.9
14.4,29996966.4,1526.7,1017.9,489.0
14.5,29996904.7,1557.6,1038.5,499.2
14.6,29996841.8,1589.0,1059.5,509.7
14.7,29996777.6,1621.1,1080.9,520.4
14.8,29996712.1,1653.9,1102.7,531.3
14.9,29996645.3,1687.3,1125.0,542.5
15.0,29996577.1,1721.4,1147.7,553.8
15.1,29996507.6,1756.1,1170.9,565.4
15.2,29996436.6,1791.6,1194.5,577.3
15.3,29996364.2,1827.8,1218.6,589.3
15.4,29996290.4,1864.7,1243.3,601.6
15.5,29996215.0,1902.4,1268.4,614.2
15.6,29996138.2,1940.8,1294.0,627.0
15.7,29996059.8,1980.0,1320.1,640.1
15.8,29995979.8,2020.0,1346.8,653.4
15.9,29995898.2,2060.8,1374.0,667.0
16.0,29995814.9,2102.4,1401.8,680.9
16.1,29995730.0,2144.9,1430.1,695.1
16.2,29995643.3,2188.2,1458.9,709.5
16.3,29995554.9,2232.4,1488.4,724.2
16.4,29995464.7,2277.5,1518.5,739.3
16.5,29995372.7,2323.5,1549.2,754.6
16.6,29995278.8,2370.5,1580.4,770.3
16.7,29995183.1,2418.3,1612.4,786.2
16.8,29995085.4,2467.2,1644.9,802.5
16.9,29994985.7,2517.0,1678.2,819.1
17.0,29994884.0,2567.9,1712.1,836.1
17.1,29994780.3,2619.7,1746.6,853.4
17.2,29994674.4,2672.6,1781.9,871.0
17.3,29994566.5,2726.6,1817.9,889.0
17.4,29994456.3,2781.7,1854.6,907.4
17.5,29994343.9,2837.9,1892.1,926.1
17.6,29994229.3,2895.2,1930.3,945.2
17.7,29994112.3,2953.7,1969.3,964.7
17.8,29993993.0,3013.3,2009.1,984.6
17.9,29993871.3,3074.2,2049.7,1004.9
18.0,29993747.1,3136.3,2091.1,1025.6
18.1,29993620.4,3199.6,2133.3,1046.7
18.2,29993491.1,3264.2,2176.4,1068.3
18.3,29993359.3,3330.2,2220.3,1090.2
18.4,29993224.7,3397.4,2265.2,1112.7
18.5,29993087.5,3466.0,2310.9,1135.6
18.6,29992947.5,3536.0,2357.6,1158.9
18.7,29992804.6,3607.5,2405.2,1182.7
18.8,29992658.9,3680.3,2453.8,1207.0
18.9,29992510.2,3754.6,2503.4,1231.8
19.0,29992358.5,3830.5,2553.9,1257.1
19.1,29992203.8,3907.8,2605.5,1282.9
19.2,29992045.9,3986.7,2658.1,1309.2
19.3,29991884.9,4067.3,2711.8,1336.0
19.4,29991720.6,4149.4,2766.6,1363.4
19.5,29991552.9,4233.2,2822.5,1391.4
19.6,29991381.9,4318.7,2879.5,1419.9
19.7,29991207.5,4405.9,2937.7,1449.0
19.8,29991029.5,4494.9,2997.0,1478.6
19.9,29990847.9,4585.6,3057.5,1508.9
20.0,29990662.7,4678.2,3119.3,1539.8
20.1,29990473.7,4772.7,3182.3,1571.3
20.2,29990280.9,4869.1,3246.5,1603.4
20.3,29990084.2,4967.4,3312.1,1636.2
20.4,29989883.6,5067.7,3379.0,1669.7
20.5,29989678.9,5170.1,3447.2,1703.8
20.6,29989470.0,5274.5,3516.9,1738.6
20.7,29989257.0,5381.0,3587.9,1774.2
20.8,29989039.6,5489.6,3660.4,1810.4
20.9,29988817.8,5600.5,3734.3,1847.4
21.0,29988591.6,5713.6,3809.7,1885.1
21.1,29988360.8,5829.0,3886.6,1923.6
21.2,29988125.4,5946.7,3965.1,1962.8
21.3,29987885.2,6066.7,4045.2,2002.9
21.4,29987640.1,6189.2,4126.9,2043.7
21.5,29987390.1,6314.2,4210.3,2085.4
21.6,29987135.0,6441.7,4295.3,2128.0
21.7,29986874.9,6571.8,4382.0,2171.3
21.8,29986609.4,6704.5,4470.5,2215.6
21.9,29986338.6,6839.8,4560.8,2260.8
22.0,29986062.3,6977.9,4652.9,2306.8
22.1,29985780.5,7118.8,4746.9,2353.8
22.2,29985492.9,7262.6,4842.8,2401.8
22.3,29985199.6,7409.2,4940.5,2450.7
22.4,29984900.3,7558.8,5040.3,2500.6
22.5,29984595.0,7711.4,5142.1,2551.5
22.6,29984283.5,7867.1,5245.9,2603.4
22.7,29983965.8,8025.9,5351.9,2656.4
22.8,29983641.6,8188.0,5460.0,2710.5
22.9,29983310.9,8353.3,5570.2,2765.6
23.0,29982973.5,8521.9,5682.7,2821.9
23.1,29982629.3,8693.9,5797.5,2879.3
23.2,29982278.2,8869.5,5914.5,2937.8
23.3,29981919.9,9048.5,6034.0,2997.6
23.4,29981554.5,9231.2,6155.8,3058.5
23.5,29981181.6,9417.5,6280.1,3120.7
23.6,29980801.3,9607.6,6406.9,3184.1
23.7,29980413.3,9801.6,6536.3,3248.9
23.8,29980017.4,9999.5,6668.3,3314.9
23.9,29979613.5,10201.3,6802.9,3382.2
24.0,29979201.5,10407.2,6940.3,3450.9
24.1,29978781.2,10617.3,7080.4,3521.0
24.2,29978352.4,10831.6,7223.4,3592.6
24.3,29977915.0,11050.2,7369.2,3665.5
24.4,29977468.7,11273.3,7518.0,3740.0
24.5,29977013.4,11500.8,7669.8,3815.9
24.6,29976549.0,11733.0,7824.7,3893.4
24.7,29976075.2,11969.8,7982.7,3972.4
24.8,29975591.8,12211.4,8143.8,4053.0
24.9,29975098.6,12457.8,8308.3,4135.3
25.0,29974595.5,12709.2,8476.0,4219.2
25.1,29974082.3,12965.7,8647.1,4304.8
25.2,29973558.7,13227.4,8821.7,4392.2
25.3,29973024.5,13494.4,8999.8,4481.3
25.4,29972479.6,13766.7,9181.5,4572.2
25.5,29971923.7,14044.5,9366.9,4664.9
25.6,29971356.6,14327.9,9556.0,4759.5
25.7,29970778.0,14617.0,9748.9,4856.0
25.8,29970187.8,14912.0,9945.7,4954.5
25.9,29969585.6,15212.9,10146.5,5055.0
26.0,29968971.3,15519.9,10351.3,5157.5
26.1,29968344.7,15833.0,10560.3,5262.0
26.2,29967705.4,16152.5,10773.5,5368.7
26.3,29967053.2,16478.4,10991.0,5477.5
26.4,29966387.8,16810.9,11212.8,5588.5
26.5,29965709.0,17150.0,11439.2,5701.8
26.6,29965016.6,17496.0,11670.1,5817.3
26.7,29964310.2,17849.0,11905.6,5935.2
26.8,29963589.5,18209.1,12146.0,6055.4
26.9,29962854.3,18576.4,12391.1,6178.1
27.0,29962104.3,18951.2,12641.2,6303.3
27.1,29961339.2,19333.5,12896.4,6431.0
27.2,29960558.6,19723.5,13156.7,6561.2
27.3,29959762.4,20121.3,13422.2,6694.1
27.4,29958950.0,20527.2,13693.1,6829.7
27.5,29958121.3,20941.2,13969.5,6968.0
27.6,29957275.9,21363.6,14251.4,7109.1
27.7,29956413.5,21794.5,14539.0,7253.0
27.8,29955533.7,22234.0,14832.4,7399.9
27.9,29954636.1,22682.4,15131.8,7549.7
28.0,29953720.5,23139.8,15437.1,7702.5
28.1,29952786.4,23606.5,15748.7,7858.5
28.2,29951833.5,24082.5,16066.5,8017.5
28.3,29950861.4,24568.1,16390.7,8179.8
28.4,29949869.7,25063.5,16721.4,8345.4
28.5,29948858.0,25568.9,17058.8,8514.3
28.6,29947826.0,26084.4,17403.1,8686.6
28.7,29946773.2,26610.3,17754.2,8862.4
28.8,29945699.1,27146.8,18112.4,9041.7
28.9,29944603.5,27694.0,18477.9,9224.6
29.0,29943485.7,28252.3,18850.7,9411.3
29.1,29942345.5,28821.9,19231.0,9601.7
29.2,29941182.3,29402.8,19619.0,9795.9
29.3,29939995.7,29995.5,20014.8,9994.1
29.4,29938785.2,30600.1,20418.6,10196.2
29.5,29937550.3,31216.8,20830.5,10402.5
29.6,29936290.5,31845.9,21250.7,10612.9
29.7,29935005.4,32487.7,21679.3,10827.5
29.8,29933694.5,33142.4,22116.7,11046.5
29.9,29932357.1,33810.2,22562.8,11269.9
30.0,29931126.8,34357.5,23017.9,11497.8
30.1,29930547.0,34251.2,23471.5,11730.2
30.2,29929956.0,34158.2,23918.6,11967.2
30.3,29929354.0,34077.9,24359.5,12208.6
30.4,29928741.0,34010.0,24794.6,12454.3
30.5,29928117.2,33954.2,25224.2,12704.4
30.6,29927482.8,33909.9,25648.4,12958.8
30.7,29926837.9,33877.0,26067.7,13217.4
30.8,29926182.7,33855.0,26482.2,13480.2
30.9,29925517.1,33843.5,26892.3,13747.0
31.0,29924841.4,33842.4,27298.2,14018.0
31.1,29924155.7,33851.2,27700.1,14293.0
31.2,29923460.0,33869.8,28098.3,14572.0
31.3,29922754.4,33897.7,28493.0,14854.9
31.4,29922039.0,33934.7,28884.4,15141.8
31.5,29921313.9,33980.7,29272.8,15432.6
31.6,29920579.2,34035.2,29658.3,15727.3
31.7,29919835.0,34098.2,30041.1,16025.8
31.8,29919081.2,34169.3,30421.4,16328.1
31.9,29918318.0,34248.3,30799.5,16634.2
32.0,29917545.4,34335.1,31175.4,16944.1
32.1,29916763.5,34429.3,31549.5,17257.7
32.2,29915972.4,34530.9,31921.7,17575.0
32.3,29915171.9,34639.6,32292.3,17896.1
32.4,29914362.3,34755.3,32661.5,18220.9
32.5,29913543.5,34877.8,33029.3,18549.3
32.6,29912715.6,35006.9,33396.0,18881.5
32.7,29911878.6,35142.4,33761.7,19217.3
32.8,29911032.5,35284.2,34126.6,19556.7
32.9,29910177.3,35432.2,34490.6,19899.8
33.0,29909313.1,35586.3,34854.1,20246.5
33.1,29908439.9,35746.2,35217.0,20596.9
33.2,29907557.7,35911.9,35579.6,20950.9
33.3,29906666.4,36083.2,35942.0,21308.5
33.4,29905766.2,36260.0,36304.1,21669.7
33.5,29904856.9,36442.2,36666.3,22034.5
33.6,29903938.7,36629.8,37028.5,22403.0
33.7,29903011.4,36822.5,37391.0,22775.1
33.8,29902075.2,37020.4,37753.7,23150.8
33.9,29901129.9,37223.2,38116.7,23530.2
34.0,29900175.6,37431.0,38480.3,23913.2
34.1,29899212.3,37643.5,38844.4,24299.8
34.2,29898239.9,37860.9,39209.2,24690.1
34.3,29897258.5,38082.9,39574.7,25084.0
34.4,29896267.9,38309.5,39941.0,25481.6
34.5,29895268.3,38540.6,40308.3,25882.8
34.6,29894259.5,38776.2,40676.5,26287.7
34.7,29893241.6,39016.2,41045.8,26696.3
34.8,29892214.5,39260.5,41416.3,27108.7
34.9,29891178.3,39509.1,41787.9,27524.7
35.0,29890132.7,39762.0,42160.9,27944.4
35.1,29889077.9,40019.0,42535.2,28367.9
35.2,29888013.8,40280.1,42911.0,28795.1
35.3,29886940.4,40545.3,43288.2,29226.1
35.4,29885857.5,40814.5,43667.0,29660.9
35.5,29884765.3,41087.7,44047.5,30099.5
35.6,29883663.6,41364.9,44429.6,30541.8
35.7,29882552.4,41646.0,44813.5,30988.1
35.8,29881431.7,41931.0,45199.2,31438.1
35.9,29880301.4,42219.8,45586.8,31892.1
36.0,29879161.4,42512.4,45976.3,32349.9
36.1,29878011.8,42808.8,46367.8,32811.6
36.2,29876852.5,43109.0,46761.3,33277.2
36.3,29875683.3,43412.9,47156.9,33746.8
36.4,29874504.4,43720.6,47554.7,34220.4
36.5,29873315.5,44031.9,47954.7,34697.9
36.6,29872116.7,44346.9,48356.9,35179.5
36.7,29870908.0,44665.5,48761.4,35665.1
36.8,29869689.1,44987.8,49168.3,36154.7
36.9,29868460.2,45313.8,49577.6,36648.4
37.0,29867221.1,45643.3,49989.3,37146.3
37.1,29865971.8,45976.4,50403.5,37648.2
37.2,29864712.2,46313.2,50820.3,38154.4
37.3,29863442.2,46653.5,51239.7,38664.6
37.4,29862161.8,46997.3,51661.7,39179.2
37.5,29860871.0,47344.8,52086.4,39697.9
37.6,29859569.6,47695.8,52513.8,40220.9
37.7,29858257.5,48050.3,52943.9,40748.2
37.8,29856934.9,48408.5,53376.9,41279.8
37.9,29855601.4,48770.1,53812.7,41815.7
38.0,29854257.1,49135.3,54251.5,42356.0
38.1,29852902.0,49504.1,54693.1,42900.8
38.2,29851535.9,49876.4,55137.8,43449.9
38.3,29850158.7,50252.3,55585.5,44003.5
38.4,29848770.5,50631.7,56036.2,44561.6
38.5,29847371.0,51014.7,56490.0,45124.3
38.6,29845960.3,51401.3,56947.0,45691.4
38.7,29844538.3,51791.4,57407.1,46263.2
38.8,29843104.8,52185.1,57870.5,46839.6
38.9,29841659.8,52582.4,58337.1,47420.6
39.0,29840203.3,52983.3,58807.1,48006.4
39.1,29838735.1,53387.8,59280.3,48596.8
39.2,29837255.2,53795.8,59757.0,49192.0
39.3,29835763.4,54207.6,60237.1,49791.9
39.4,29834259.8,54622.9,60720.6,50396.7
39.5,29832744.2,55041.9,61207.6,51006.4
39.6,29831216.5,55464.6,61698.1,51620.9
39.7,29829676.6,55890.9,62192.2,52240.3
39.8,29828124.5,56320.9,62689.9,52864.7
39.9,29826560.0,56754.6,63191.3,53494.1
40.0,29824983.1,57192.0,63696.3,54128.6
40.1,29823393.8,57633.1,64205.0,54768.1
40.2,29821791.8,58078.0,64717.5,55412.7
40.3,29820177.1,58526.7,65233.8,56062.4
40.4,29818549.6,58979.1,65753.9,56717.4
40.5,29816909.2,59435.3,66277.9,57377.5
40.6,29815255.9,59895.4,66805.8,58043.0
40.7,29813589.5,60359.2,67337.6,58713.7
40.8,29811909.9,60827.0,67873.4,59389.7
40.9,29810217.0,61298.6,68413.2,60071.1
41.0,29808510.8,61774.1,68957.1,60758.0
41.1,29806791.2,62253.5,69505.1,61450.3
41.2,29805057.9,62736.8,70057.2,62148.1
41.3,29803311.0,63224.1,70613.4,62851.5
41.4,29801550.4,63715.4,71173.9,63560.4
41.5,29799775.8,64210.6,71738.6,64275.0
41.6,29797987.4,64709.9,72307.5,64995.2
41.7,29796184.8,65213.3,72880.8,65721.1
41.8,29794368.0,65720.7,73458.5,66452.8
41.9,29792537.0,66232.2,74040.5,67190.3
42.0,29790691.6,66747.8,74627.0,67933.6
42.1,29788831.6,67267.6,75217.9,68682.9
42.2,29786957.1,67791.6,75813.3,69438.0
42.3,29785067.9,68319.7,76413.3,70199.1
42.4,29783163.8,68852.1,77017.8,70966.3
42.5,29781244.8,69388.7,77627.0,71739.5
42.6,29779310.7,69929.6,78240.9,72518.8
42.7,29777361.5,70474.8,78859.4,73304.3
42.8,29775397.0,71024.3,79482.7,74096.0
42.9,29773417.0,71578.2,80110.7,74894.0
43.0,29771421.6,72136.5,80743.6,75698.3
43.1,29769410.6,72699.2,81381.3,76508.9
43.2,29767383.8,73266.3,82024.0,77325.9
43.3,29765341.2,73837.9,82671.5,78149.4
43.4,29763282.5,74414.0,83324.1,78979.4
43.5,29761207.8,74994.7,83981.6,79815.9
43.6,29759116.8,75579.9,84644.2,80659.0
43.7,29757009.5,76169.7,85311.9,81508.8
43.8,29754885.7,76764.2,85984.8,82365.3
43.9,29752745.4,77363.3,86662.8,83228.5
44.0,29750588.3,77967.1,87346.1,84098.5
44.1,29748414.3,78575.6,88034.6,84975.4
44.2,29746223.4,79188.9,88728.4,85859.3
44.3,29744015.4,79807.0,89427.6,86750.0
44.4,29741790.1,80429.9,90132.2,87647.8
44.5,29739547.5,81057.6,90842.2,88552.7
44.6,29737287.4,81690.2,91557.7,89464.7
44.7,29735009.7,82327.8,92278.6,90383.9
44.8,29732714.2,82970.3,93005.2,91310.3
44.9,29730400.8,83617.8,93737.4,92244.0
45.0,29728069.4,84270.4,94475.2,93185.0
45.1,29725719.8,84928.0,95218.7,94133.5
45.2,29723351.9,85590.7,95967.9,95089.4
45.3,29720965.6,86258.5,96723.0,96052.9
45.4,29718560.7,86931.5,97483.8,97023.9
45.5,29716137.1,87609.7,98250.6,98002.6
45.6,29713694.6,88293.2,99023.2,98989.0
45.7,29711233.2,88981.9,99801.9,99983.1
45.8,29708752.5,89676.0,100586.5,100985.0
45.9,29706252.6,90375.4,101377.2,101994.8
46.0,29703733.3,91080.2,102174.0,103012.6
46.1,29701194.3,91790.4,102976.9,104038.3
46.2,29698635.6,92506.2,103786.1,105072.1
46.3,29696057.1,93227.4,104601.5,106114.1
46.4,29693458.5,93954.2,105423.2,107164.2
46.5,29690839.7,94686.5,106251.2,108222.5
46.6,29688200.6,95424.5,107085.6,109289.2
46.7,29685541.1,96168.2,107926.5,110364.3
46.8,29682860.8,96917.6,108773.8,111447.8
46.9,29680159.8,97672.7,109627.7,112539.8
47.0,29677437.8,98433.6,110488.2,113640.4
47.1,29674694.7,99200.4,111355.3,114749.6
47.2,29671930.4,99973.0,112229.1,115867.5
47.3,29669144.6,100751.6,113109.7,116994.2
47.4,29666337.2,101536.1,113997.0,118129.7
47.5,29663508.1,102326.6,114891.2,119274.1
47.6,29660657.0,103123.2,115792.3,120427.5
47.7,29657783.9,103925.8,116700.3,121590.0
47.8,29654888.5,104734.6,117615.3,122761.6
47.9,29651970.7,105549.5,118537.4,123942.3
48.0,29649030.4,106370.7,119466.6,125132.3
48.1,29646067.2,107198.2,120402.9,126331.7
48.2,29643081.2,108031.9,121346.4,127540.4
48.3,29640072.0,108872.1,122297.3,128758.6
48.4,29637039.6,109718.6,123255.4,129986.4
48.5,29633983.8,110571.5,124220.9,131223.8
48.6,29630904.3,111431.0,125193.9,132470.8
48.7,29627801.0,112297.0,126174.3,133727.7
48.8,29624673.8,113169.6,127162.3,134994.4
48.9,29621522.4,114048.8,128157.9,136270.9
49.0,29618346.7,114934.7,129161.1,137557.5
49.1,29615146.5,115827.3,130172.0,138854.2
49.2,29611921.5,116726.7,131190.8,140161.0
49.3,29608671.7,117632.9,132217.3,141478.0
49.4,29605396.8,118546.1,133251.8,142805.4
49.5,29602096.7,119466.1,134294.1,144143.1
49.6,29598771.1,120393.1,135344.5,145491.3
49.7,29595419.9,121327.1,136403.0,146850.0
49.8,29592042.9,122268.2,137469.6,148219.4
49.9,29588639.8,123216.4,138544.3,149599.4
50.0,29585210.6,124171.8,139627.4,150990.3
50.1,29581754.9,125134.4,140718.7,152392.0
50.2,29578272.7,126104.3,141818.4,153804.7
50.3,29574763.6,127081.5,142926.5,155228.4
50.4,29571227.6,128066.0,144043.1,156663.2
50.5,29567664.3,129058.1,145168.3,158109.3
50.6,29564073.7,130057.6,146302.1,159566.6
50.7,29560455.5,131064.6,147444.6,161035.4
50.8,29556809.4,132079.2,148595.8,162515.6
50.9,29553135.4,133101.5,149755.9,164007.3
51.0,29549433.1,134131.4,150924.8,165510.7
51.1,29545702.4,135169.1,152102.6,167025.8
51.2,29541943.0,136214.6,153289.5,168552.8
51.3,29538154.9,137268.0,154485.5,170091.7
51.4,29534337.6,138329.3,155690.6,171642.5
51.5,29530491.1,139398.6,156904.9,173205.5
51.6,29526615.1,140475.8,158128.4,174780.7
51.7,29522709.4,141561.2,159361.3,176368.1
51.8,29518773.7,142654.7,160603.7,177967.9
51.9,29514807.9,143756.4,161855.5,179580.2
52.0,29510811.8,144866.4,163116.8,181205.1
52.1,29506785.0,145984.6,164387.8,182842.6
52.2,29502727.4,147111.3,165668.5,184492.8
52.3,29498638.8,148246.3,166958.9,186156.0
52.4,29494518.9,149389.9,168259.2,187832.1
52.5,29490367.5,150541.9,169569.4,189521.2
52.6,29486184.4,151702.6,170889.5,191223.5
52.7,29481969.3,152872.0,172219.7,192939.0
52.8,29477722.0,154050.1,173560.0,194667.9
52.9,29473442.3,155236.9,174910.5,196410.2
53.0,29469129.9,156432.6,176271.3,198166.1
53.1,29464784.6,157637.2,177642.4,199935.7
53.2,29460406.2,158850.8,179024.0,201719.0
53.3,29455994.3,160073.4,180416.0,203516.2
53.4,29451548.9,161305.1,181818.6,205327.4
53.5,29447069.5,162546.0,183231.9,207152.6
53.6,29442556.1,163796.0,184655.8,208992.1
53.7,29438008.2,165055.4,186090.6,210845.8
53.8,29433425.7,166324.1,187536.3,212713.9
53.9,29428808.4,167602.2,188992.9,214596.5
54.0,29424155.9,168889.7,190460.5,216493.8
54.1,29419468.1,170186.8,191939.3,218405.8
54.2,29414744.6,171493.5,193429.2,220332.6
54.3,29409985.2,172809.9,194930.5,222274.4
54.4,29405189.7,174136.0,196443.1,224231.3
54.5,29400357.7,175471.9,197967.1,226203.3
54.6,29395489.1,176817.7,199502.6,228190.7
54.7,29390583.5,178173.3,201049.8,230193.4
54.8,29385640.7,179539.0,202608.6,232211.7
54.9,29380660.4,180914.8,204179.2,234245.6
55.0,29375642.4,182300.7,205761.6,236295.3
55.1,29370586.4,183696.7,207356.0,238360.9
55.2,29365492.0,185103.1,208962.4,240442.5
55.3,29360359.1,186519.8,210580.9,242540.2
55.4,29355187.4,187946.9,212211.6,244654.1
55.5,29349976.5,189384.4,213854.6,246784.5
55.6,29344726.3,190832.6,215509.9,248931.3
55.7,29339436.3,192291.3,217177.7,251094.7
55.8,29334106.4,193760.7,218858.0,253274.9
55.9,29328736.2,195240.9,220551.0,255471.9
56.0,29323325.5,196731.9,222256.7,257685.9
56.1,29317873.9,198233.8,223975.2,259917.1
56.2,29312381.3,199746.7,225706.6,262165.5
56.3,29306847.2,201270.6,227450.9,264431.2
56.4,29301271.4,202805.7,229208.4,266714.5
56.5,29295653.6,204351.9,230979.0,269015.5
56.6,29289993.5,205909.4,232762.9,271334.2
56.7,29284290.8,207478.3,234560.2,273670.8
56.8,29278545.2,209058.5,236370.9,276025.4
56.9,29272756.3,210650.3,238195.1,278398.2
57.0,29266924.0,212253.6,240033.0,280789.4
57.1,29261047.9,213868.6,241884.7,283198.9
57.2,29255127.6,215495.2,243750.1,285627.1
57.3,29249162.9,217133.7,245629.5,288074.0
57.4,29243153.4,218784.0,247522.9,290539.7
57.5,29237098.8,220446.3,249430.4,293024.5
57.6,29230998.9,222120.5,251352.2,295528.4
57.7,29224853.3,223806.9,253288.2,298051.6
57.8,29218661.6,225505.5,255238.7,300594.2
57.9,29212423.6,227216.3,257203.7,303156.4
58.0,29206138.9,228939.4,259183.3,305738.3
58.1,29199807.3,230675.0,261177.7,308340.1
58.2,29193428.3,232423.0,263186.8,310961.9
58.3,29187001.6,234183.6,265210.9,313603.9
58.4,29180527.0,235956.9,267250.0,316266.2
58.5,29174004.0,237742.9,269304.2,318948.9
58.6,29167432.4,239541.7,271373.6,321652.3
58.7,29160811.8,241353.3,273458.4,324376.5
58.8,29154141.8,243178.0,275558.6,327121.5
58.9,29147422.2,245015.7,277674.4,329887.7
59.0,29140652.5,246866.6,279805.8,332675.1
59.1,29133832.5,248730.6,281953.0,335483.9
59.2,29126961.8,250608.0,284116.0,338314.2
59.3,29120040.0,252498.7,286295.0,341166.2
59.4,29113066.8,254402.9,288490.1,344040.1
59.5,29106041.9,256320.7,290701.4,346936.1
59.6,29098964.8,258252.1,292928.9,349854.2
59.7,29091835.2,260197.2,295172.9,352794.7
59.8,29084652.8,262156.1,297433.4,355757.7
59.9,29077417.2,264128.9,299710.5,358743.5
60.0,29070128.0,266115.6,302004.4,361752.0
60.1,29062784.9,268116.5,304315.1,364783.6
60.2,29055387.4,270131.4,306642.8,367838.4
60.3,29047935.4,272160.6,308987.5,370916.5
60.4,29040428.2,274204.1,311349.5,374018.2
60.5,29032865.7,276262.0,313728.7,377143.6
60.6,29025247.4,278334.4,316125.4,380292.8
60.7,29017572.9,280421.4,318539.7,383466.1
60.8,29009841.8,282523.0,320971.5,386663.7
60.9,29002053.9,284639.4,323421.2,389885.6
61.0,28994208.6,286770.6,325888.7,393132.1
61.1,28986305.6,288916.7,328374.3,396403.4
61.2,28978344.5,291077.9,330877.9,399699.7
61.3,28970325.0,293254.1,333399.9,403021.1
61.4,28962246.5,295445.6,335940.1,406367.7
61.5,28954108.9,297652.3,338498.9,409739.9
61.6,28945911.5,299874.4,341076.3,413137.8
61.7,28937654.1,302111.9,343672.4,416561.5
61.8,28929336.3,304365.1,346287.4,420011.3
61.9,28920957.5,306633.8,348921.3,423487.3
62.0,28912517.6,308918.3,351574.3,426989.8
62.1,28904015.9,311218.6,354246.6,430518.9
62.2,28895452.2,313534.8,356938.2,434074.8
62.3,28886826.0,315867.1,359649.3,437657.7
62.4,28878136.8,318215.4,362379.9,441267.8
62.5,28869384.4,320579.9,365130.3,444905.4
62.6,28860568.2,322960.7,367900.6,448570.5
62.7,28851687.9,325357.9,370690.8,452263.5
62.8,28842743.0,327771.5,373501.1,455984.4
62.9,28833733.1,330201.7,376331.7,459733.5
63.0,28824657.8,332648.6,379182.6,463511.1
63.1,28815516.6,335112.1,382054.0,467317.3
63.2,28806309.1,337592.6,384946.0,471152.2
63.3,28797035.0,340089.9,387858.8,475016.3
63.4,28787693.7,342604.3,390792.5,478909.5
63.5,28778284.8,345135.8,393747.2,482832.2
63.6,28768807.9,347684.5,396723.0,486784.5
63.7,28759262.6,350250.5,399720.2,490766.7
63.8,28749648.4,352834.0,402738.7,494779.0
63.9,28739964.8,355434.9,405778.8,498821.5
64.0,28730211.4,358053.4,408840.6,502894.6
64.1,28720387.8,360689.6,411924.2,506998.4
64.2,28710493.6,363343.5,415029.7,511133.2
64.3,28700528.2,366015.4,418157.3,515299.1
64.4,28690491.2,368705.2,421307.2,519496.4
64.5,28680382.2,371413.0,424479.5,523725.3
64.6,28670200.7,374139.1,427674.2,527986.1
64.7,28659946.2,376883.4,430891.6,532278.9
64.8,28649618.3,379646.0,434131.7,536604.0
64.9,28639216.5,382427.1,437394.8,540961.6
65.0,28628740.4,385226.7,440681.0,545351.9
65.1,28618189.5,388044.9,443990.3,549775.3
65.2,28607563.2,390881.9,447323.0,554231.8
65.3,28596861.3,393737.7,450679.2,558721.8
65.4,28586083.1,396612.5,454059.0,563245.5
65.5,28575228.2,399506.2,457462.6,567803.1
65.6,28564296.1,402419.1,460890.0,572394.8
65.7,28553286.3,405351.1,464341.6,577021.0
65.8,28542198.4,408302.5,467817.3,581681.7
65.9,28531031.9,411273.3,471317.4,586377.4
66.0,28519786.3,414263.6,474841.9,591108.2
66.1,28508461.1,417273.4,478391.1,595874.3
66.2,28497055.8,420303.0,481965.1,600676.1
66.3,28485570.0,423352.3,485564.0,605513.7
66.4,28474003.1,426421.5,489188.0,610387.4
66.5,28462354.6,429510.7,492837.1,615297.5
66.6,28450624.1,432620.0,496511.7,620244.3
66.7,28438811.0,435749.4,500211.8,625227.9
66.8,28426914.8,438899.1,503937.5,630248.6
66.9,28414935.2,442069.1,507689.0,635306.7
67.0,28402871.4,445259.6,511466.5,640402.5
67.1,28390723.1,448470.6,515270.1,645536.1
67.2,28378489.8,451702.3,519100.0,650707.9
67.3,28366170.8,454954.7,522956.3,655918.2
67.4,28353765.8,458227.9,526839.1,661167.2
67.5,28341274.2,461522.1,530748.7,666455.1
67.6,28328695.5,464837.2,534685.1,671782.2
67.7,28316029.2,468173.5,538648.5,677148.9
67.8,28303274.7,471531.0,542639.1,682555.3
67.9,28290431.5,474909.7,546657.0,688001.7
68.0,28277499.2,478309.9,550702.4,693488.5
68.1,28264477.2,481731.5,554775.4,699015.9
68.2,28251365.0,485174.7,558876.2,704584.1
68.3,28238162.0,488639.6,563004.9,710193.5
68.4,28224867.8,492126.2,567161.7,715844.3
68.5,28211481.7,495634.7,571346.8,721536.8
68.6,28198003.4,499165.1,575560.2,727271.3
68.7,28184432.2,502717.5,579802.2,733048.1
68.8,28170767.5,506292.1,584072.9,738867.5
68.9,28157009.0,509888.8,588372.5,744729.7
69.0,28143156.0,513507.9,592701.1,750635.0
69.1,28129208.0,517149.3,597058.8,756583.8
69.2,28115164.5,520813.3,601445.9,762576.3
69.3,28101024.9,524499.7,605862.5,768612.8
69.4,28086788.7,528208.9,610308.7,774693.6
69.5,28072455.4,531940.8,614784.7,780819.1
69.6,28058024.4,535695.5,619290.7,786989.4
69.7,28043495.1,539473.1,623826.8,793205.0
69.8,28028867.0,543273.7,628393.2,799466.1
69.9,28014139.7,547097.4,632989.9,805773.0
70.0,27999312.4,550944.3,637617.3,812126.0
70.1,27984384.7,554814.4,642275.4,818525.4
70.2,27969356.1,558707.9,646964.4,824971.6
70.3,27954225.9,562624.8,651684.5,831464.8
70.4,27938993.7,566565.2,656435.8,838005.4
70.5,27923658.8,570529.1,661218.4,844593.6
70.6,27908220.8,574516.8,666032.6,851229.9
70.7,27892679.0,578528.1,670878.5,857914.4
70.8,27877032.9,582563.3,675756.2,864647.5
70.9,27861282.0,586622.4,680666.0,871429.6
71.0,27845425.7,590705.5,685607.9,878261.0
71.1,27829463.4,594812.6,690582.1,885141.9
71.2,27813394.6,598943.9,695588.8,892072.7
71.3,27797218.7,603099.4,700628.1,899053.8
71.4,27780935.2,607279.1,705700.2,906085.4
71.5,27764543.5,611483.3,710805.3,913167.9
71.6,27748043.1,615711.8,715943.5,920301.6
71.7,27731433.3,619964.9,721115.0,927486.9
71.8,27714713.6,624242.5,726319.9,934724.0
71.9,27697883.5,628544.8,731558.3,942013.4
72.0,27680942.4,632871.7,736830.5,949355.3
72.1,27663889.7,637223.5,742136.7,956750.1
72.2,27646724.9,641600.1,747476.8,964198.1
72.3,27629447.4,646001.7,752851.2,971699.7
72.4,27612056.6,650428.2,758259.9,979255.3
72.5,27594552.0,654879.8,763703.2,986865.1
72.6,27576933.0,659356.4,769181.1,994529.4
72.7,27559199.1,663858.3,774693.8,1002248.8
72.8,27541349.6,668385.4,780241.6,1010023.4
72.9,27523384.0,672937.7,785824.5,1017853.7
73.0,27505301.8,677515.5,791442.7,1025740.1
73.1,27487102.4,682118.6,797096.3,1033682.7
73.2,27468785.2,686747.2,802785.5,1041682.1
73.3,27450349.6,691401.3,808510.5,1049738.5
73.4,27431795.2,696081.0,814271.4,1057852.4
73.5,27413121.3,700786.3,820068.4,1066024.1
73.6,27394327.3,705517.3,825901.6,1074253.9
73.7,27375412.7,710274.0,831771.1,1082542.2
73.8,27356377.0,715056.4,837677.1,1090889.5
73.9,27337219.5,719864.7,843619.9,1099295.9
74.0,27317939.7,724698.9,849599.4,1107762.0
74.1,27298537.1,729559.0,855615.9,1116288.0
74.2,27279011.1,734445.0,861669.5,1124874.4
74.3,27259361.1,739357.0,867760.3,1133521.5
74.4,27239586.6,744295.0,873888.6,1142229.7
74.5,27219687.0,749259.2,880054.4,1150999.4
74.6,27199661.7,754249.4,886257.9,1159831.0
74.7,27179510.3,759265.7,892499.3,1168724.7
74.8,27159232.1,764308.2,898778.6,1177681.1
74.9,27138826.5,769377.0,905096.1,1186700.4
75.0,27118293.1,774471.9,911451.8,1195783.1
75.1,27097631.3,779593.1,917846.0,1204929.6
75.2,27076840.5,784740.6,924278.7,1214140.2
75.3,27055920.2,789914.4,930750.1,1223415.3
75.4,27034869.9,795114.5,937260.3,1232755.3
75.5,27013688.9,800341.0,943809.5,1242160.6
75.6,26992376.7,805593.9,950397.8,1251631.6
75.7,26970932.9,810873.1,957025.3,1261168.7
75.8,26949356.8,816178.7,963692.2,1270772.3
75.9,26927647.9,821510.8,970398.7,1280442.7
76.0,26905805.7,826869.2,977144.8,1290180.4
76.1,26883829.6,832254.1,983930.6,1299985.7
76.2,26861719.1,837665.4,990756.3,1309859.1
76.3,26839473.7,843103.2,997622.1,1319801.0
76.4,26817092.8,848567.4,1004528.1,1329811.7
76.5,26794576.0,854058.0,1011474.3,1339891.7
76.6,26771922.6,859575.1,1018461.0,1350041.3
76.7,26749132.2,865118.6,1025488.1,1360261.0
76.8,26726204.3,870688.6,1032556.0,1370551.2
76.9,26703138.2,876284.9,1039664.6,1380912.3
77.0,26679933.6,881907.7,1046814.1,1391344.6
77.1,26656589.8,887556.8,1054004.7,1401848.7
77.2,26633106.5,893232.3,1061236.3,1412424.9
77.3,26609483.0,898934.2,1068509.3,1423073.6
77.4,26585718.8,904662.4,1075823.6,1433795.2
77.5,26561813.6,910417.0,1083179.3,1444590.2
77.6,26537766.6,916197.8,1090576.7,1455458.9
77.7,26513577.6,922004.8,1098015.7,1466401.8
77.8,26489245.9,927838.1,1105496.6,1477419.4
77.9,26464771.2,933697.6,1113019.4,1488511.9
78.0,26440152.8,939583.2,1120584.1,1499679.9
78.1,26415390.3,945494.9,1128191.0,1510923.7
78.2,26390483.3,951432.7,1135840.2,1522243.9
78.3,26365431.2,957396.5,1143531.6,1533640.7
78.4,26340233.6,963386.3,1151265.4,1545114.6
78.5,26314890.0,969402.1,1159041.8,1556666.1
78.6,26289400.0,975443.7,1166860.7,1568295.6
78.7,26263763.1,981511.1,1174722.3,1580003.5
78.8,26237978.8,987604.3,1182626.7,1591790.2
78.9,26212046.7,993723.1,1190574.0,1603656.2
79.0,26185966.4,999867.6,1198564.2,1615601.8
79.1,26159737.3,1006037.7,1206597.4,1627627.6
79.2,26133359.1,1012233.2,1214673.8,1639733.9
79.3,26106831.3,1018454.2,1222793.3,1651921.2
79.4,26080153.5,1024700.4,1230956.1,1664189.9
79.5,26053325.3,1030972.0,1239162.2,1676540.5
79.6,26026346.2,1037268.7,1247411.8,1688973.3
79.7,25999215.9,1043590.5,1255704.8,1701488.9
79.8,25971933.9,1049937.3,1264041.3,1714087.6
79.9,25944499.8,1056309.0,1272421.5,1726769.8
80.0,25916913.2,1062705.4,1280845.3,1739536.1
80.1,25889173.7,1069126.6,1289312.8,1752386.9
80.2,25861281.0,1075572.4,1297824.1,1765322.5
80.3,25833234.6,1082042.7,1306379.2,1778343.5
80.4,25805034.2,1088537.3,1314978.2,1791450.3
80.5,25776679.4,1095056.3,1323621.2,1804643.2
80.6,25748169.8,1101599.3,1332308.1,1817922.8
80.7,25719505.1,1108166.4,1341039.0,1831289.5
80.8,25690684.9,1114757.4,1349814.0,1844743.8
80.9,25661708.9,1121372.1,1358633.0,1858286.0
81.0,25632576.7,1128010.5,1367496.2,1871916.6
81.1,25603288.0,1134672.4,1376403.5,1885636.0
81.2,25573842.5,1141357.7,1385355.0,1899444.8
81.3,25544239.9,1148066.1,1394350.7,1913343.3
81.4,25514479.7,1154797.7,1403390.7,1927331.9
81.5,25484561.8,1161552.2,1412474.8,1941411.2
81.6,25454485.8,1168329.4,1421603.3,1955581.6
81.7,25424251.4,1175129.2,1430775.9,1969843.4
81.8,25393858.3,1181951.5,1439992.9,1984197.3
81.9,25363306.3,1188796.1,1449254.1,1998643.5
82.0,25332595.1,1195662.7,1458559.7,2013182.5
82.1,25301724.4,1202551.3,1467909.5,2027814.8
82.2,25270694.0,1209461.7,1477303.5,2042540.8
82.3,25239503.5,1216393.6,1486741.9,2057361.0
82.4,25208152.8,1223346.9,1496224.4,2072275.8
82.5,25176641.7,1230321.4,1505751.2,2087285.6
82.6,25144969.8,1237316.9,1515322.3,2102391.0
82.7,25113137.1,1244333.2,1524937.5,2117592.2
82.8,25081143.2,1251370.1,1534596.8,2132889.9
82.9,25048987.9,1258427.4,1544300.3,2148284.3
83.0,25016671.2,1265504.9,1554047.9,2163776.0
83.1,24984192.7,1272602.3,1563839.5,2179365.4
83.2,24951552.3,1279719.5,1573675.2,2195053.0
83.3,24918749.9,1286856.2,1583554.8,2210839.1
83.4,24885785.3,1294012.2,1593478.3,2226724.2
83.5,24852658.2,1301187.3,1603445.7,2242708.8
83.6,24819368.7,1308381.1,1613456.9,2258793.3
83.7,24785916.6,1315593.6,1623511.8,2274978.1
83.8,24752301.6,1322824.3,1633610.4,2291263.6
83.9,24718523.8,1330073.2,1643752.5,2307650.4
84.0,24684583.0,1337339.9,1653938.2,2324138.8
84.1,24650479.2,1344624.1,1664167.3,2340729.3
84.2,24616212.2,1351925.7,1674439.8,2357422.3
84.3,24581781.9,1359244.3,1684755.5,2374218.3
84.4,24547188.3,1366579.7,1695114.4,2391117.6
84.5,24512431.4,1373931.5,1705516.4,2408120.7
84.6,24477511.0,1381299.6,1715961.3,2425228.1
84.7,24442427.3,1388683.5,1726449.1,2442440.1
84.8,24407180.0,1396083.1,1736979.7,2459757.2
84.9,24371769.3,1403498.1,1747552.8,2477179.8
85.0,24336195.1,1410928.0,1758168.5,2494708.4
85.1,24300457.4,1418372.7,1768826.5,2512343.3
85.2,24264556.3,1425831.8,1779526.8,2530085.1
85.3,24228491.7,1433305.1,1790269.2,2547934.0
85.4,24192263.8,1440792.1,1801053.6,2565890.6
85.5,24155872.5,1448292.5,1811879.8,2583955.2
85.6,24119317.9,1455806.2,1822747.6,2602128.3
85.7,24082600.1,1463332.6,1833657.0,2620410.3
85.8,24045719.2,1470871.5,1844607.7,2638801.6
85.9,24008675.3,1478422.5,1855599.7,2657302.6
86.0,23971468.4,1485985.3,1866632.6,2675913.7
86.1,23934098.8,1493559.5,1877706.4,2694635.4
86.2,23896566.5,1501144.8,1888820.8,2713468.0
86.3,23858871.6,1508740.8,1899975.7,2732411.9
86.4,23821014.4,1516347.1,1911170.8,2751467.6
86.5,23782994.9,1523963.5,1922406.1,2770635.5
86.6,23744813.5,1531589.4,1933681.2,2789915.9
86.7,23706470.2,1539224.6,1944996.0,2809309.2
86.8,23667965.2,1546868.6,1956350.2,2828815.9
86.9,23629298.9,1554521.1,1967743.6,2848436.4
87.0,23590471.3,1562181.7,1979176.1,2868170.9
87.1,23551482.8,1569849.9,1990647.3,2888020.0
87.2,23512333.6,1577525.4,2002157.0,2907984.0
87.3,23473023.9,1585207.7,2013705.1,2928063.3
87.4,23433554.1,1592896.5,2025291.2,2948258.2
87.5,23393924.4,1600591.3,2036915.0,2968569.2
87.6,23354135.1,1608291.8,2048576.4,2988996.7
87.7,23314186.6,1615997.4,2060275.1,3009540.9
87.8,23274079.2,1623707.8,2072010.7,3030202.3
87.9,23233813.2,1631422.5,2083783.1,3050981.2
88.0,23193388.9,1639141.1,2095591.9,3071878.1
88.1,23152806.8,1646863.2,2107436.8,3092893.2
88.2,23112067.3,1654588.2,2119317.6,3114026.9
88.3,23071170.6,1662315.8,2131233.9,3135279.7
88.4,23030117.3,1670045.6,2143185.4,3156651.7
88.5,22988907.7,1677776.9,2155171.9,3178143.5
88.6,22947542.4,1685509.4,2167193.0,3199755.3
88.7,22906021.6,1693242.6,2179248.3,3221487.5
88.8,22864346.0,1700976.1,2191337.6,3243340.4
88.9,22822516.0,1708709.2,2203460.5,3265314.3
89.0,22780532.0,1716441.7,2215616.6,3287409.7
89.1,22738394.6,1724173.0,2227805.7,3309626.8
89.2,22696104.3,1731902.5,2240027.3,3331965.9
89.3,22653661.6,1739629.8,2252281.1,3354427.4
89.4,22611067.1,1747354.5,2264566.8,3377011.6
89.5,22568321.4,1755076.0,2276883.8,3399718.9
89.6,22525424.9,1762793.7,2289232.0,3422549.4
89.7,22482378.3,1770507.2,2301610.8,3445503.6
89.8,22439182.3,1778216.0,2314019.9,3468581.7
89.9,22395837.4,1785919.6,2326458.9,3491784.1
90.0,22352344.2,1793617.4,2338927.4,3515111.0
90.1,22308703.4,1801308.9,2351424.9,3538562.7
90.2,22264915.7,1808993.6,2363951.1,3562139.6
90.3,22220981.7,1816671.0,2376505.5,3585841.9
90.4,22176902.1,1824340.4,2389087.7,3609669.8
90.5,22132677.6,1832001.4,2401697.2,3633623.7
90.6,22088309.0,1839653.5,2414333.7,3657703.8
90.7,22043797.0,1847296.0,2426996.5,3681910.5
90.8,21999142.2,1854928.5,2439685.4,3706243.9
90.9,21954345.6,1862550.3,2452399.8,3730704.3
91.0,21909407.8,1870161.0,2465139.3,3755291.9
91.1,21864329.6,1877760.0,2477903.3,3780007.1
91.2,21819111.9,1885346.6,2490691.4,3804850.1
91.3,21773755.4,1892920.4,2503503.2,3829821.0
91.4,21728261.1,1900480.7,2516338.0,3854920.2
91.5,21682629.6,1908027.0,2529195.5,3880147.9
91.6,21636862.0,1915558.8,2542075.0,3905504.2
91.7,21590959.0,1923075.4,2554976.2,3930989.4
91.8,21544921.6,1930576.2,2567898.3,3956603.8
91.9,21498750.7,1938060.7,2580841.1,3982347.5
92.0,21452447.2,1945528.3,2593803.8,4008220.7
92.1,21406012.0,1952978.5,2606785.9,4034223.6
92.2,21359446.0,1960410.5,2619787.0,4060356.5
92.3,21312750.3,1967823.8,2632806.4,4086619.4
92.4,21265925.8,1975217.9,2645843.7,4113012.7
92.5,21218973.4,1982592.1,2658898.1,4139536.4
92.6,21171894.3,1989945.8,2671969.2,4166190.7
92.7,21124689.4,1997278.5,2685056.3,4192975.8
92.8,21077359.7,2004589.5,2698159.0,4219891.9
92.9,21029906.3,2011878.2,2711276.5,4246939.0
93.0,20982330.2,2019144.0,2724408.4,4274117.4
93.1,20934632.6,2026386.3,2737553.9,4301427.2
93.2,20886814.4,2033604.5,2750712.6,4328868.6
93.3,20838876.9,2040797.9,2763883.7,4356441.5
93.4,20790821.1,2047966.0,2777066.6,4384146.3
93.5,20742648.1,2055108.2,2790260.8,4411982.9
93.6,20694359.1,2062223.8,2803465.5,4439951.5
93.7,20645955.3,2069312.3,2816680.2,4468052.2
93.8,20597437.8,2076372.9,2829904.2,4496285.2
93.9,20548807.7,2083405.1,2843136.8,4524650.3
94.0,20500066.4,2090408.3,2856377.4,4553147.9
94.1,20451214.9,2097381.8,2869625.4,4581777.9
94.2,20402254.6,2104325.0,2882880.0,4610540.4
94.3,20353186.6,2111237.3,2896140.5,4639435.5
94.4,20304012.2,2118118.1,2909406.4,4668463.3
94.5,20254732.6,2124966.8,2922676.9,4697623.7
94.6,20205349.2,2131782.6,2935951.3,4726916.8
94.7,20155863.2,2138565.1,2949228.9,4756342.7
94.8,20106275.9,2145313.6,2962509.1,4785901.4
94.9,20056588.6,2152027.4,2975791.1,4815592.9
95.0,20006802.6,2158706.0,2989074.1,4845417.2
95.1,19956919.4,2165348.7,3002357.6,4875374.4
95.2,19906940.1,2171954.8,3015640.7,4905464.4
95.3,19856866.2,2178523.9,3028922.7,4935687.2
95.4,19806699.0,2185055.2,3042202.9,4966042.8
95.5,19756440.0,2191548.1,3055480.6,4996531.3
95.6,19706090.5,2198002.1,3068755.0,5027152.4
95.7,19655651.8,2204416.5,3082025.4,5057906.3
95.8,19605125.6,2210790.6,3095290.9,5088792.9
95.9,19554513.0,2217123.9,3108550.9,5119812.1
96.0,19503815.7,2223415.8,3121804.6,5150963.9
96.1,19453035.0,2229665.6,3135051.2,5182248.2
96.2,19402172.4,2235872.7,3148289.9,5213664.9
96.3,19351229.4,2242036.6,3161520.0,5245214.0
96.4,19300207.4,2248156.5,3174740.7,5276895.3
96.5,19249108.0,2254232.0,3187951.2,5308708.8
96.6,19197932.6,2260262.4,3201150.7,5340654.3
96.7,19146682.7,2266247.1,3214338.4,5372731.7
96.8,19095359.9,2272185.5,3227513.6,5404941.0
96.9,19043965.6,2278077.1,3240675.3,5437282.0
97.0,18992501.5,2283921.1,3253822.9,5469754.5
97.1,18940969.1,2289717.1,3266955.4,5502358.4
97.2,18889369.9,2295464.4,3280072.2,5535093.5
97.3,18837705.5,2301162.5,3293172.3,5567959.8
97.4,18785977.4,2306810.7,3306255.0,5600956.9
97.5,18734187.3,2312408.6,3319319.4,5634084.8
97.6,18682336.7,2317955.4,3332364.6,5667343.2
97.7,18630427.2,2323450.8,3345390.0,5700732.0
97.8,18578460.5,2328894.0,3358394.6,5734251.0
97.9,18526438.1,2334284.5,3371377.6,5767899.8
98.0,18474361.7,2339621.8,3384338.1,5801678.4
98.1,18422232.8,2344905.2,3397275.4,5835586.5
98.2,18370053.2,2350134.4,3410188.6,5869623.9
98.3,18317824.5,2355308.6,3423076.7,5903790.2
98.4,18265548.2,2360427.4,3435939.1,5938085.3
98.5,18213226.2,2365490.2,3448774.8,5972508.9
98.6,18160859.9,2370496.4,3461582.9,6007060.7
98.7,18108451.2,2375445.7,3474362.7,6041740.5
98.8,18056001.6,2380337.3,3487113.2,6076547.9
98.9,18003512.9,2385170.9,3499833.6,6111482.6
99.0,17950986.7,2389945.8,3512523.1,6146544.4
99.1,17898424.7,2394661.6,3525180.7,6181733.0
99.2,17845828.6,2399317.8,3537805.6,6217048.0
99.3,17793200.1,2403913.9,3550397.0,6252489.0
99.4,17740540.9,2408449.3,3562954.0,6288055.8
99.5,17687852.8,2412923.6,3575475.6,6323748.0
99.6,17635137.4,2417336.3,3587961.1,6359565.2
99.7,17582396.4,2421687.0,3600409.6,6395507.1
99.8,17529631.6,2425975.1,3612820.1,6431573.2
99.9,17476844.6,2430200.2,3625191.9,6467763.3
100.0,17424037.3,2434361.8,3637524.0,6504076.9
100.1,17371211.3,2438459.5,3649815.6,6540513.7
100.2,17318368.3,2442492.8,3662065.8,6577073.1
100.3,17265510.2,2446461.3,3674273.7,6613754.8
100.4,17212638.6,2450364.5,3686438.4,6650558.4
100.5,17159755.2,2454202.1,3698559.2,6687483.5
100.6,17106861.9,2457973.6,3710635.1,6724529.5
100.7,17053960.3,2461678.6,3722665.2,6761696.0
100.8,17001052.1,2465316.6,3734648.6,6798982.6
100.9,16948139.2,2468887.4,3746584.6,6836388.8
101.0,16895223.3,2472390.4,3758472.1,6873914.2
101.1,16842306.1,2475825.3,3770310.4,6911558.1
101.2,16789389.4,2479191.8,3782098.6,6949320.2
101.3,16736474.8,2482489.4,3793835.8,6987199.9
101.4,16683564.2,2485717.8,3805521.2,7025196.7
101.5,16630659.3,2488876.7,3817153.9,7063310.2
101.6,16577761.8,2491965.6,3828732.9,7101539.6
101.7,16524873.5,2494984.3,3840257.5,7139884.6
101.8,16471996.1,2497932.4,3851726.8,7178344.6
101.9,16419131.4,2500809.6,3863140.0,7216919.0
102.0,16366281.0,2503615.6,3874496.1,7255607.2
102.1,16313446.8,2506350.1,3885794.4,7294408.7
102.2,16260630.4,2509012.7,3897034.0,7333322.9
102.3,16207833.7,2511603.2,3908214.0,7372349.2
102.4,16155058.2,2514121.3,3919333.5,7411487.0
102.5,16102305.8,2516566.7,3930391.9,7450735.7
102.6,16049578.2,2518939.1,3941388.1,7490094.6
102.7,15996877.0,2521238.4,3952321.4,7529563.2
102.8,15944204.1,2523464.2,3963190.9,7569140.8
102.9,15891561.0,2525616.3,3973995.9,7608826.8
103.0,15838949.6,2527694.4,3984735.4,7648620.5
103.1,15786371.6,2529698.5,3995408.7,7688521.3
103.2,15733828.5,2531628.1,4006014.9,7728528.5
103.3,15681322.2,2533483.2,4016553.2,7768641.4
103.4,15628854.3,2535263.5,4027022.9,7808859.3
103.5,15576426.5,2536968.8,4037423.0,7849181.6
103.6,15524040.5,2538599.1,4047752.9,7889607.5
103.7,15471697.9,2540154.0,4058011.7,7930136.4
103.8,15419400.5,2541633.4,4068198.6,7970767.5
103.9,15367149.9,2543037.2,4078312.8,8011500.2
104.0,15314947.7,2544365.3,4088353.5,8052333.5
104.1,15262795.5,2545617.4,4098320.1,8093267.0
104.2,15210695.2,2546793.6,4108211.6,8134299.7
104.3,15158648.2,2547893.6,4118027.3,8175431.0
104.4,15106656.2,2548917.3,4127766.5,8216660.0
104.5,15054720.8,2549864.8,4137428.4,8257986.0
104.6,15002843.6,2550735.8,4147012.3,8299408.3
104.7,14951026.4,2551530.3,4156517.4,8340926.0
104.8,14899270.5,2552248.2,4165942.9,8382538.4
104.9,14847577.7,2552889.5,4175288.2,8424244.6
105.0,14795949.5,2553454.1,4184552.5,8466043.9
105.1,14744387.5,2553942.0,4193735.1,8507935.4
105.2,14692893.3,2554353.2,4202835.2,8549918.3
105.3,14641468.3,2554687.6,4211852.3,8591991.8
105.4,14590114.3,2554945.2,4220785.5,8634155.1
105.5,14538832.6,2555126.0,4229634.1,8676407.2
105.6,14487624.9,2555230.1,4238397.6,8718747.5
105.7,14436492.6,2555257.3,4247075.1,8761174.9
105.8,14385437.3,2555207.9,4255666.1,8803688.7
105.9,14334460.4,2555081.7,4264169.9,8846287.9
106.0,14283563.5,2554878.9,4272585.8,8888971.8
106.1,14232748.0,2554599.5,4280913.1,8931739.4
106.2,14182015.4,2554243.6,4289151.3,8974589.7
106.3,14131367.1,2553811.2,4297299.7,9017522.1
106.4,14080804.7,2553302.4,4305357.6,9060535.4
106.5,14030329.4,2552717.3,4313324.4,9103628.9
106.6,13979942.9,2552056.0,4321199.6,9146801.6
106.7,13929646.4,2551318.6,4328982.4,9190052.6
106.8,13879441.3,2550505.3,4336672.5,9233381.0
106.9,13829329.2,2549616.1,4344269.0,9276785.7
107.0,13779311.2,2548651.2,4351771.5,9320266.0
107.1,13729388.9,2547610.8,4359179.4,9363820.9
107.2,13679563.6,2546494.9,4366492.2,9407449.3
107.3,13629836.5,2545303.9,4373709.2,9451150.4
107.4,13580209.1,2544037.7,4380830.0,9494923.2
107.5,13530682.7,2542696.7,4387853.9,9538766.7
107.6,13481258.4,2541281.0,4394780.6,9582679.9
107.7,13431937.8,2539790.9,4401609.4,9626661.9
107.8,13382722.0,2538226.4,4408339.9,9670711.8
107.9,13333612.2,2536587.9,4414971.5,9714828.4
108.0,13284609.9,2534875.5,4421503.8,9759010.9
108.1,13235716.1,2533089.5,4427936.3,9803258.2
108.2,13186932.1,2531230.2,4434268.5,9847569.3
108.3,13138259.1,2529297.7,4440500.0,9891943.2
108.4,13089698.4,2527292.4,4446630.3,9936378.9
108.5,13041251.1,2525214.5,4452658.9,9980875.5
108.6,12992918.4,2523064.3,4458585.5,10025431.8
108.7,12944701.4,2520842.1,4464409.6,10070046.8
108.8,12896601.4,2518548.2,4470130.9,10114719.6
108.9,12848619.3,2516182.8,4475748.8,10159449.1
109.0,12800756.4,2513746.3,4481263.1,10204234.2
109.1,12753013.8,2511239.0,4486673.3,10249074.0
109.2,12705392.4,2508661.2,4491979.0,10293967.4
109.3,12657893.5,2506013.2,4497180.0,10338913.2
109.4,12610518.1,2503295.5,4502275.9,10383910.6
109.5,12563267.1,2500508.2,4507266.2,10428958.4
109.6,12516141.8,2497651.9,4512150.8,10474055.6
109.7,12469142.9,2494726.8,4516929.2,10519201.1
109.8,12422271.7,2491733.3,4521601.1,10564393.8
109.9,12375529.0,2488671.9,4526166.4,10609632.7
110.0,12328915.8,2485542.8,4530624.6,10654916.8
110.1,12282433.2,2482346.4,4534975.5,10700244.9
110.2,12236081.9,2479083.3,4539218.9,10745615.9
110.3,12189863.1,2475753.7,4543354.4,10791028.9
110.4,12143777.5,2472358.0,4547381.8,10836482.7
110.5,12097826.0,2468896.8,4551301.0,10881976.2
110.6,12052009.7,2465370.4,4555111.6,10927508.3
110.7,12006329.2,2461779.2,4558813.5,10973078.0
110.8,11960785.6,2458123.7,4562406.4,11018684.2
110.9,11915379.6,2454404.4,4565890.3,11064325.8
111.0,11870112.0,2450621.6,4569264.8,11110001.7
111.1,11824983.7,2446775.8,4572529.8,11155710.7
111.2,11779995.5,2442867.5,4575685.1,11201451.9
111.3,11735148.0,2438897.2,4578730.7,11247224.1
111.4,11690442.2,2434865.2,4581666.4,11293026.1
111.5,11645878.8,2430772.2,4584492.0,11338857.0
111.6,11601458.4,2426618.6,4587207.4,11384715.6
111.7,11557181.9,2422404.8,4589812.5,11430600.8
111.8,11513049.8,2418131.4,4592307.3,11476511.5
111.9,11469063.0,2413798.8,4594691.6,11522446.6
112.0,11425222.0,2409407.6,4596965.4,11568405.0
112.1,11381527.6,2404958.3,4599128.6,11614385.5
112.2,11337980.4,2400451.3,4601181.1,11660387.2
112.3,11294581.0,2395887.2,4603123.0,11706408.8
112.4,11251330.0,2391266.6,4604954.2,11752449.3
112.5,11208228.1,2386589.8,4606674.6,11798507.5
112.6,11165275.8,2381857.6,4608284.3,11844582.4
112.7,11122473.7,2377070.3,4609783.2,11890672.8
112.8,11079822.3,2372228.6,4611171.4,11936777.7
112.9,11037322.3,2367333.0,4612448.9,11982895.9
113.0,10994974.0,2362383.9,4613615.8,12029026.3
113.1,10952778.1,2357382.1,4614672.0,12075167.8
113.2,10910735.0,2352328.0,4615617.6,12121319.4
113.3,10868845.3,2347222.1,4616452.8,12167479.8
113.4,10827109.3,2342065.1,4617177.5,12213648.0
113.5,10785527.6,2336857.5,4617791.9,12259823.0
113.6,10744100.6,2331599.9,4618296.0,12306003.5
113.7,10702828.7,2326292.8,4618690.0,12352188.5
113.8,10661712.3,2320936.8,4618973.9,12398376.9
113.9,10620751.9,2315532.4,4619148.0,12444567.7
114.0,10579947.8,2310080.4,4619212.3,12490759.5
114.1,10539300.3,2304581.1,4619167.0,12536951.5
114.2,10498809.9,2299035.3,4619012.3,12583142.5
114.3,10458476.9,2293443.5,4618748.3,12629331.4
114.4,10418301.6,2287806.2,4618375.1,12675517.1
114.5,10378284.3,2282124.1,4617893.1,12721698.6
114.6,10338425.3,2276397.8,4617302.3,12767874.6
114.7,10298725.0,2270627.8,4616603.0,12814044.2
114.8,10259183.5,2264814.7,4615795.4,12860206.3
114.9,10219801.2,2258959.2,4614879.8,12906359.8
115.0,10180578.3,2253061.8,4613856.3,12952503.6
115.1,10141515.1,2247123.2,4612725.2,12998636.6
115.2,10102611.7,2241143.8,4611486.8,13044757.7
115.3,10063868.4,2235124.4,4610141.3,13090865.9
115.4,10025285.4,2229065.5,4608689.0,13136960.2
115.5,9986862.8,2222967.7,4607130.2,13183039.4
115.6,9948600.8,2216831.6,4605465.2,13229102.4
115.7,9910499.6,2210657.8,4603694.3,13275148.3
115.8,9872559.3,2204447.0,4601817.8,13321176.0
115.9,9834780.1,2198199.7,4599835.9,13367184.3
116.0,9797162.1,2191916.5,4597749.1,13413172.3
116.1,9759705.3,2185598.0,4595557.7,13459138.9
116.2,9722409.9,2179244.9,4593262.0,13505083.1
116.3,9685276.0,2172857.7,4590862.4,13551003.8
116.4,9648303.7,2166437.1,4588359.2,13596900.0
116.5,9611492.9,2159983.6,4585752.8,13642770.7
116.6,9574843.8,2153497.8,4583043.6,13688614.7
116.7,9538356.4,2146980.4,4580232.0,13734431.2
116.8,9502030.7,2140432.0,4577318.3,13780219.0
116.9,9465866.7,2133853.0,4574303.0,13825977.2
117.0,9429864.4,2127244.3,4571186.5,13871704.8
117.1,9394023.9,2120606.3,4567969.2,13917400.6
117.2,9358345.1,2113939.6,4564651.5,13963063.8
117.3,9322827.9,2107244.8,4561233.9,14008693.3
117.4,9287472.4,2100522.6,4557716.8,14054288.2
117.5,9252278.4,2093773.6,4554100.6,14099847.3
117.6,9217246.0,2086998.2,4550385.9,14145369.8
117.7,9182375.0,2080197.2,4546573.0,14190854.7
117.8,9147665.4,2073371.1,4542662.5,14236301.0
117.9,9113117.1,2066520.5,4538654.8,14281707.6
118.0,9078729.9,2059646.0,4534550.4,14327073.8
118.1,9044503.8,2052748.1,4530349.8,14372398.3
118.2,9010438.6,2045827.5,4526053.5,14417680.4
118.3,8976534.2,2038884.8,4521662.0,14462919.1
118.4,8942790.5,2031920.4,4517175.8,14508113.4
118.5,8909207.2,2024935.1,4512595.4,14553262.3
118.6,8875784.3,2017929.3,4507921.4,14598365.0
118.7,8842521.6,2010903.7,4503154.4,14643420.4
118.8,8809418.9,2003858.7,4498294.7,14688427.7
118.9,8776475.9,1996795.1,4493343.0,14733386.0
119.0,8743692.6,1989713.3,4488299.8,14778294.3
119.1,8711068.7,1982613.9,4483165.7,14823151.7
119.2,8678603.9,1975497.5,4477941.2,14867957.3
119.3,8646298.1,1968364.7,4472627.0,14912710.2
119.4,8614151.1,1961215.9,4467223.5,14957409.5
119.5,8582162.5,1954051.8,4461731.3,15002054.4
119.6,8550332.1,1946872.9,4456151.1,15046643.9
119.7,8518659.8,1939679.7,4450483.4,15091177.1
119.8,8487145.1,1932472.8,4444728.8,15135653.3
119.9,8455787.9,1925252.7,4438888.0,15180071.4
120.0,8424587.9,1918020.0,4432961.4,15224430.7
120.1,8393544.7,1910775.2,4426949.7,15268730.4
120.2,8362658.1,1903518.9,4420853.6,15312969.4
120.3,8331927.8,1896251.4,4414673.6,15357147.1
120.4,8301353.4,1888973.5,4408410.4,15401262.6
120.5,8270934.7,1881685.6,4402064.6,15445315.1
120.6,8240671.3,1874388.3,4395636.7,15489303.7
120.7,8210562.9,1867081.9,4389127.6,15533227.5
120.8,8180609.2,1859767.2,4382537.7,15577085.9
120.9,8150809.8,1852444.5,4375867.7,15620878.0
121.0,8121164.3,1845114.3,4369118.3,15664603.0
121.1,8091672.4,1837777.3,4362290.1,15708260.1
121.2,8062333.8,1830433.8,4355383.8,15751848.6
121.3,8033148.1,1823084.4,4348400.0,15795367.6
121.4,8004114.8,1815729.5,4341339.4,15838816.3
121.5,7975233.6,1808369.6,4334202.6,15882194.1
121.6,7946504.2,1801005.3,4326990.4,15925500.1
121.7,7917926.1,1793637.0,4319703.3,15968733.6
121.8,7889498.9,1786265.1,4312342.0,16011893.9
121.9,7861222.3,1778890.2,4304907.3,16054980.2
122.0,7833095.7,1771512.7,4297399.7,16097991.8
122.1,7805118.9,1764133.1,4289820.0,16140928.0
122.2,7777291.3,1756751.8,4282168.9,16183788.0
122.3,7749612.6,1749369.3,4274446.9,16226571.1
122.4,7722082.3,1741986.1,4266654.9,16269276.7
122.5,7694700.0,1734602.5,4258793.5,16311904.0
122.6,7667465.3,1727219.0,4250863.4,16354452.3
122.7,7640377.6,1719836.1,4242865.2,16396921.0
122.8,7613436.6,1712454.2,4234799.7,16439309.4
122.9,7586641.9,1705073.7,4226667.6,16481616.8
123.0,7559992.8,1697695.1,4218469.6,16523842.6
123.1,7533489.0,1690318.7,4210206.3,16565986.0
123.2,7507130.1,1682945.0,4201878.4,16608046.5
123.3,7480915.5,1675574.5,4193486.7,16650023.3
123.4,7454844.7,1668207.4,4185031.9,16691916.0
123.5,7428917.4,1660844.2,4176514.6,16733723.8
123.6,7403132.9,1653485.4,4167935.6,16775446.1
123.7,7377490.9,1646131.2,4159295.6,16817082.3
123.8,7351990.8,1638782.2,4150595.2,16858631.8
123.9,7326632.2,1631438.7,4141835.2,16900094.0
124.0,7301414.5,1624101.0,4133016.3,16941468.3
124.1,7276337.2,1616769.5,4124139.1,16982754.1
124.2,7251399.9,1609444.7,4115204.5,17023950.9
124.3,7226602.1,1602126.8,4106213.1,17065058.0
124.4,7201943.1,1594816.3,4097165.6,17106075.0
124.5,7177422.6,1587513.6,4088062.7,17147001.1
124.6,7153040.1,1580218.8,4078905.1,17187836.0
124.7,7128794.9,1572932.5,4069693.5,17228579.1
124.8,7104686.5,1565655.0,4060428.7,17269229.7
124.9,7080714.6,1558386.6,4051111.4,17309787.5
125.0,7056878.4,1551127.6,4041742.2,17350251.8
125.1,7033177.6,1543878.4,4032321.9,17390622.1
125.2,7009611.5,1536639.3,4022851.1,17430898.0
125.3,6986179.7,1529410.6,4013330.7,17471079.0
125.4,6962881.6,1522192.7,4003761.2,17511164.5
125.5,6939716.7,1514985.9,3994143.4,17551154.1
125.6,6916684.4,1507790.4,3984478.0,17591047.2
125.7,6893784.2,1500606.7,3974765.7,17630843.5
125.8,6871015.6,1493434.9,3965007.2,17670542.4
125.9,6848378.0,1486275.4,3955203.2,17710143.5
126.0,6825870.8,1479128.5,3945354.4,17749646.3
126.1,6803493.6,1471994.5,3935461.5,17789050.4
126.2,6781245.8,1464873.6,3925525.2,17828355.4
126.3,6759126.9,1457766.2,3915546.1,17867560.8
126.4,6737136.2,1450672.5,3905525.1,17906666.1
126.5,6715273.3,1443592.8,3895462.8,17945671.1
126.6,6693537.5,1436527.4,3885359.8,17984575.3
126.7,6671928.4,1429476.5,3875216.9,18023378.2
126.8,6650445.4,1422440.4,3865034.8,18062079.5
126.9,6629087.9,1415419.3,3854814.0,18100678.8
127.0,6607855.4,1408413.5,3844555.5,18139175.6
127.1,6586747.3,1401423.3,3834259.7,18177569.7
127.2,6565763.0,1394448.8,3823927.4,18215860.7
127.3,6544902.1,1387490.4,3813559.3,18254048.2
127.4,6524163.9,1380548.3,3803156.1,18292131.8
127.5,6503547.9,1373622.6,3792718.4,18330111.2
127.6,6483053.5,1366713.6,3782246.9,18367986.0
127.7,6462680.2,1359821.6,3771742.2,18405756.0
127.8,6442427.4,1352946.8,3761205.1,18443420.8
127.9,6422294.5,1346089.3,3750636.2,18480980.0
128.0,6402281.0,1339249.4,3740036.2,18518433.4
128.1,6382386.4,1332427.3,3729405.7,18555780.6
128.2,6362610.0,1325623.3,3718745.4,18593021.4
128.3,6342951.3,1318837.4,3708055.9,18630155.4
128.4,6323409.8,1312069.9,3697338.0,18667182.4
128.5,6303984.8,1305320.9,3686592.2,18704102.1
128.6,6284675.9,1298590.8,3675819.2,18740914.2
128.7,6265482.4,1291879.6,3665019.6,18777618.4
128.8,6246403.8,1285187.5,3654194.2,18814214.5
128.9,6227439.6,1278514.8,3643343.5,18850702.2
129.0,6208589.1,1271861.5,3632468.1,18887081.3
129.1,6189851.9,1265227.9,3621568.8,18923351.5
129.2,6171227.3,1258614.0,3610646.1,18959512.6
129.3,6152714.9,1252020.2,3599700.6,18995564.3
129.4,6134313.9,1245446.5,3588733.1,19031506.5
129.5,6116024.0,1238893.1,3577744.0,19067338.9
129.6,6097844.5,1232360.1,3566734.1,19103061.3
129.7,6079774.8,1225847.7,3555703.9,19138673.5
129.8,6061814.5,1219356.1,3544654.1,19174175.3
129.9,6043962.9,1212885.3,3533585.3,19209566.5
130.0,6026219.5,1206435.5,3522498.0,19244847.0
130.1,6008583.8,1200006.8,3511393.0,19280016.4
130.2,5991055.2,1193599.4,3500270.7,19315074.8
130.3,5973633.1,1187213.4,3489131.7,19350021.8
130.4,5956317.0,1180848.9,3477976.8,19384857.4
130.5,5939106.4,1174506.0,3466806.3,19419581.3
130.6,5922000.6,1168184.9,3455621.1,19454193.4
130.7,5904999.2,1161885.6,3444421.5,19488693.7
130.8,5888101.6,1155608.4,3433208.3,19523081.8
130.9,5871307.2,1149353.1,3421981.9,19557357.8
131.0,5854615.6,1143120.1,3410742.9,19591521.4
131.1,5838026.1,1136909.3,3399492.0,19625572.6
131.2,5821538.2,1130721.0,3388229.7,19659511.2
131.3,5805151.4,1124555.1,3376956.4,19693337.2
131.4,5788865.1,1118411.7,3365672.9,19727050.3
131.5,5772678.8,1112291.0,3354379.6,19760650.6
131.6,5756592.0,1106193.0,3343077.1,19794137.9
131.7,5740604.1,1100117.9,3331766.0,19827512.1
131.8,5724714.5,1094065.6,3320446.7,19860773.2
131.9,5708922.9,1088036.3,3309119.9,19893921.0
132.0,5693228.5,1082030.0,3297785.9,19926955.5
132.1,5677630.9,1076046.8,3286445.5,19959876.7
132.2,5662129.6,1070086.9,3275099.1,19992684.4
132.3,5646724.0,1064150.1,3263747.2,20025378.7
132.4,5631413.7,1058236.7,3252390.3,20057959.4
132.5,5616197.9,1052346.6,3241029.0,20090426.5
132.6,5601076.4,1046479.9,3229663.8,20122779.9
132.7,5586048.5,1040636.7,3218295.1,20155019.7
132.8,5571113.6,1034817.1,3206923.5,20187145.8
132.9,5556271.4,1029021.0,3195549.5,20219158.2
133.0,5541521.2,1023248.5,3184173.5,20251056.8
133.1,5526862.6,1017499.6,3172796.1,20282841.6
133.2,5512295.0,1011774.5,3161417.7,20314512.7
133.3,5497818.0,1006073.1,3150038.9,20346070.0
133.4,5483431.0,1000395.5,3138660.0,20377513.5
133.5,5469133.4,994741.7,3127281.7,20408843.2
133.6,5454924.9,989111.7,3115904.2,20440059.1
133.7,5440804.9,983505.6,3104528.2,20471161.3
133.8,5426772.9,977923.4,3093154.0,20502149.7
133.9,5412828.3,972365.1,3081782.2,20533024.4
134.0,5398970.8,966830.7,3070413.2,20563785.4
134.1,5385199.7,961320.3,3059047.3,20594432.7
134.2,5371514.6,955833.9,3047685.2,20624966.3
134.3,5357915.1,950371.4,3036327.1,20655386.4
134.4,5344400.5,944933.0,3024973.6,20685692.9
134.5,5330970.5,939518.6,3013625.1,20715885.9
134.6,5317624.4,934128.2,3002282.0,20745965.4
134.7,5304361.9,928761.8,2990944.7,20775931.5
134.8,5291182.5,923419.5,2979613.7,20805784.3
134.9,5278085.7,918101.1,2968289.4,20835523.8
135.0,5265070.9,912806.9,2956972.1,20865150.1
135.1,5252137.7,907536.7,2945662.4,20894663.3
135.2,5239285.7,902290.5,2934360.5,20924063.4
135.3,5226514.3,897068.3,2923066.9,20953350.5
135.4,5213823.1,891870.1,2911782.0,20982524.8
135.5,5201211.6,886696.0,2900506.2,21011586.2
135.6,5188679.4,881545.9,2889239.8,21040534.9
135.7,5176225.9,876419.7,2877983.4,21069371.0
135.8,5163850.7,871317.6,2866737.1,21098094.6
135.9,5151553.4,866239.4,2855501.4,21126705.8
136.0,5139333.5,861185.1,2844276.8,21155204.7
136.1,5127190.4,856154.8,2833063.4,21183591.4
136.2,5115123.9,851148.3,2821861.8,21211866.0
136.3,5103133.3,846165.8,2810672.2,21240028.6
136.4,5091218.3,841207.1,2799495.1,21268079.5
136.5,5079378.4,836272.2,2788330.7,21296018.6
136.6,5067613.2,831361.2,2777179.5,21323846.1
136.7,5055922.2,826473.9,2766041.7,21351562.2
136.8,5044304.9,821610.3,2754917.7,21379167.0
136.9,5032761.0,816770.5,2743807.9,21406660.6
137.0,5021289.9,811954.4,2732712.5,21434043.2
137.1,5009891.2,807161.9,2721631.9,21461314.9
137.2,4998564.6,802393.0,2710566.4,21488475.9
137.3,4987309.5,797647.7,2699516.4,21515526.3
137.4,4976125.6,792926.0,2688482.1,21542466.3
137.5,4965012.3,788227.7,2677463.9,21569296.0
137.6,4953969.4,783552.9,2666462.1,21596015.6
137.7,4942996.3,778901.6,2655476.9,21622625.3
137.8,4932092.5,774273.5,2644508.7,21649125.2
137.9,4921257.8,769668.9,2633557.8,21675515.5
138.0,4910491.7,765087.5,2622624.4,21701796.4
138.1,4899793.7,760529.3,2611708.9,21727968.1
138.2,4889163.5,755994.3,2600811.5,21754030.7
138.3,4878600.6,751482.5,2589932.5,21779984.4
138.4,4868104.6,746993.8,2579072.2,21805829.4
138.5,4857675.2,742528.1,2568230.9,21831565.9
138.6,4847311.8,738085.3,2557408.8,21857194.1
138.7,4837014.1,733665.6,2546606.2,21882714.1
138.8,4826781.7,729268.7,2535823.4,21908126.3
138.9,4816614.2,724894.6,2525060.6,21933430.7
139.0,4806511.2,720543.3,2514318.1,21958627.5
139.1,4796472.2,716214.7,2503596.0,21983717.1
139.2,4786497.0,711908.7,2492894.8,22008699.5
139.3,4776585.0,707625.3,2482214.6,22033575.0
139.4,4766736.0,703364.5,2471555.6,22058343.9
139.5,4756949.5,699126.2,2460918.1,22083006.2
139.6,4747225.1,694910.2,2450302.4,22107562.3
139.7,4737562.5,690716.6,2439708.6,22132012.4
139.8,4727961.2,686545.3,2429136.9,22156356.6
139.9,4718420.9,682396.2,2418587.7,22180595.2
140.0,4708941.2,678269.3,2408061.1,22204728.4
140.1,4699521.7,674164.5,2397557.3,22228756.5
140.2,4690162.1,670081.7,2387076.6,22252679.6
140.3,4680862.0,666020.8,2376619.1,22276498.1
140.4,4671621.0,661981.8,2366185.1,22300212.1
140.5,4662438.7,657964.7,2355774.8,22323821.9
140.6,4653314.7,653969.3,2345388.3,22347327.7
140.7,4644248.8,649995.6,2335025.8,22370729.7
140.8,4635240.6,646043.5,2324687.6,22394028.2
140.9,4626289.6,642113.0,2314373.9,22417223.5
141.0,4617395.5,638203.9,2304084.8,22440315.8
141.1,4608558.0,634316.3,2293820.4,22463305.3
141.2,4599776.7,630449.9,2283581.1,22486192.3
141.3,4591051.3,626604.9,2273366.8,22508977.0
141.4,4582381.3,622781.0,2263178.0,22531659.7
141.5,4573766.6,618978.2,2253014.6,22554240.7
141.6,4565206.6,615196.4,2242876.9,22576720.1
141.7,4556701.1,611435.6,2232765.0,22599098.3
141.8,4548249.8,607695.7,2222679.0,22621375.5
141.9,4539852.2,603976.6,2212619.3,22643552.0
142.0,4531508.1,600278.2,2202585.8,22665628.0
142.1,4523217.0,596600.5,2192578.7,22687603.8
142.2,4514978.8,592943.4,2182598.3,22709479.6
142.3,4506792.9,589306.7,2172644.5,22731255.8
142.4,4498659.2,585690.5,2162717.7,22752932.6
142.5,4490577.3,582094.6,2152817.8,22774510.3
142.6,4482546.8,578519.0,2142945.2,22795989.0
142.7,4474567.4,574963.6,2133099.7,22817369.2
142.8,4466638.8,571428.3,2123281.7,22838651.1
142.9,4458760.8,567913.0,2113491.3,22859835.0
143.0,4450932.8,564417.6,2103728.5,22880921.1
143.1,4443154.7,560942.2,2093993.5,22901909.6
143.2,4435426.2,557486.5,2084286.3,22922801.0
143.3,4427746.8,554050.5,2074607.2,22943595.5
143.4,4420116.3,550634.2,2064956.3,22964293.3
143.5,4412534.4,547237.4,2055333.5,22984894.7
143.6,4405000.8,543860.0,2045739.1,23005400.0
143.7,4397515.2,540502.1,2036173.2,23025809.6
143.8,4390077.2,537163.4,2026635.8,23046123.6
143.9,4382686.6,533844.0,2017127.0,23066342.4
144.0,4375343.1,530543.7,2007647.0,23086466.2
144.1,4368046.3,527262.5,1998195.9,23106495.4
144.2,4360796.0,524000.2,1988773.6,23126430.2
144.3,4353591.8,520756.8,1979380.4,23146271.0
144.4,4346433.5,517532.2,1970016.3,23166017.9
144.5,4339320.8,514326.4,1960681.4,23185671.4
144.6,4332253.4,511139.2,1951375.8,23205231.7
144.7,4325230.9,507970.6,1942099.5,23224699.0
144.8,4318253.2,504820.4,1932852.6,23244073.7
144.9,4311319.9,501688.6,1923635.3,23263356.2
145.0,4304430.8,498575.2,1914447.5,23282546.5
145.1,4297585.5,495479.9,1905289.4,23301645.2
145.2,4290783.8,492402.9,1896160.9,23320652.4
145.3,4284025.4,489343.8,1887062.3,23339568.5
145.4,4277310.0,486302.8,1877993.5,23358393.8
145.5,4270637.3,483279.6,1868954.5,23377128.5
145.6,4264007.2,480274.3,1859945.6,23395773.0
145.7,4257419.2,477286.7,1850966.6,23414327.5
145.8,4250873.2,474316.7,1842017.7,23432792.4
145.9,4244368.8,471364.3,1833098.9,23451168.0
146.0,4237905.9,468429.3,1824210.3,23469454.5
146.1,4231484.0,465511.8,1815351.9,23487652.3
146.2,4225103.0,462611.6,1806523.8,23505761.6
146.3,4218762.7,459728.6,1797725.9,23523782.8
146.4,4212462.7,456862.7,1788958.4,23541716.2
146.5,4206202.7,454013.9,1780221.3,23559562.1
146.6,4199982.6,451182.1,1771514.6,23577320.8
146.7,4193802.1,448367.1,1762838.3,23594992.5
146.8,4187660.9,445569.0,1754192.5,23612577.6
146.9,4181558.7,442787.6,1745577.2,23630076.5
147.0,4175495.4,440022.9,1736992.5,23647489.3
147.1,4169470.6,437274.7,1728438.3,23664816.4
147.2,4163484.2,434543.0,1719914.7,23682058.1
147.3,4157535.8,431827.7,1711421.7,23699214.8
147.4,4151625.3,429128.7,1702959.4,23716286.7
147.5,4145752.3,426445.9,1694527.7,23733274.1
147.6,4139916.7,423779.3,1686126.7,23750177.3
147.7,4134118.2,421128.7,1677756.3,23766996.7
147.8,4128356.6,418494.2,1669416.7,23783732.6
147.9,4122631.6,415875.5,1661107.8,23800385.2
148.0,4116942.9,413272.7,1652829.5,23816954.8
148.1,4111290.5,410685.6,1644582.1,23833441.9
148.2,4105673.9,408114.2,1636365.3,23849846.6
148.3,4100093.1,405558.3,1628179.3,23866169.3
148.4,4094547.7,403017.9,1620024.1,23882410.3
148.5,4089037.6,400493.0,1611899.6,23898569.9
148.6,4083562.4,397983.4,1603805.8,23914648.4
148.7,4078122.1,395489.0,1595742.8,23930646.1
148.8,4072716.3,393009.9,1587710.5,23946563.3
148.9,4067344.9,390545.8,1579709.0,23962400.4
149.0,4062007.5,388096.7,1571738.2,23978157.6
149.1,4056704.1,385662.6,1563798.1,23993835.2
149.2,4051434.4,383243.3,1555888.7,24009433.7
149.3,4046198.1,380838.8,1548010.0,24024953.1
149.4,4040995.0,378449.0,1540162.0,24040394.0
149.5,4035825.0,376073.8,1532344.7,24055756.5
149.6,4030687.8,373713.1,1524558.1,24071041.0
149.7,4025583.2,371366.9,1516802.1,24086247.7
149.8,4020511.1,369035.1,1509076.7,24101377.1
149.9,4015471.1,366717.6,1501382.0,24116429.4
150.0,4010463.1,364414.3,1493717.8,24131404.8
150.1,4005486.8,362125.2,1486084.2,24146303.8
150.2,4000542.2,359850.1,1478481.1,24161126.6
150.3,3995628.9,357589.0,1470908.5,24175873.6
150.4,3990746.8,355341.8,1463366.5,24190544.9
150.5,3985895.6,353108.5,1455854.9,24205141.0
150.6,3981075.2,350889.0,1448373.7,24219662.1
150.7,3976285.4,348683.1,1440923.0,24234108.6
150.8,3971526.0,346490.8,1433502.6,24248480.7
150.9,3966796.7,344312.1,1426112.5,24262778.7
151.0,3962097.4,342146.8,1418752.8,24277003.0
151.1,3957427.9,339994.9,1411423.3,24291153.9
151.2,3952788.0,337856.3,1404124.1,24305231.6
151.3,3948177.5,335731.0,1396855.1,24319236.4
151.4,3943596.2,333618.8,1389616.2,24333168.8
151.5,3939044.0,331519.7,1382407.5,24347028.9
151.6,3934520.5,329433.6,1375228.9,24360817.0
151.7,3930025.8,327360.4,1368080.2,24374533.6
151.8,3925559.5,325300.1,1360961.6,24388178.7
151.9,3921121.5,323252.6,1353873.0,24401752.9
152.0,3916711.6,321217.8,1346814.3,24415256.3
152.1,3912329.6,319195.7,1339785.4,24428689.3
152.2,3907975.4,317186.1,1332786.4,24442052.1
152.3,3903648.8,315189.0,1325817.1,24455345.1
152.4,3899349.5,313204.4,1318877.6,24468568.5
152.5,3895077.4,311232.1,1311967.7,24481722.7
152.6,3890832.4,309272.1,1305087.5,24494808.0
152.7,3886614.2,307324.3,1298236.8,24507824.6
152.8,3882422.8,305388.7,1291415.7,24520772.8
152.9,3878257.8,303465.1,1284624.1,24533653.0
153.0,3874119.2,301553.6,1277861.8,24546465.4
153.1,3870006.8,299653.9,1271128.9,24559210.3
153.2,3865920.3,297766.2,1264425.4,24571888.1
153.3,3861859.8,295890.2,1257751.1,24584498.9
153.4,3857824.9,294026.0,1251105.9,24597043.2
153.5,3853815.5,292173.4,1244490.0,24609521.2
153.6,3849831.4,290332.4,1237903.1,24621933.1
153.7,3845872.5,288502.9,1231345.2,24634279.3
153.8,3841938.7,286684.9,1224816.3,24646560.1
153.9,3838029.7,284878.3,1218316.2,24658775.7
154.0,3834145.4,283083.0,1211845.0,24670926.5
154.1,3830285.7,281299.0,1205402.6,24683012.7
154.2,3826450.3,279526.1,1198988.9,24695034.7
154.3,3822639.2,277764.3,1192603.9,24706992.6
154.4,3818852.1,276013.6,1186247.4,24718886.8
154.5,3815088.9,274273.9,1179919.5,24730717.7
154.6,3811349.6,272545.2,1173620.0,24742485.3
154.7,3807633.8,270827.2,1167348.8,24754190.2
154.8,3803941.4,269120.1,1161106.0,24765832.4
154.9,3800272.4,267423.7,1154891.5,24777412.4
155.0,3796626.6,265738.0,1148705.1,24788930.3
155.1,3793003.7,264062.8,1142546.9,24800386.6
155.2,3789403.7,262398.3,1136416.7,24811781.4
155.3,3785826.4,260744.1,1130314.5,24823115.0
155.4,3782271.7,259100.4,1124240.1,24834387.7
155.5,3778739.4,257467.1,1118193.7,24845599.9
155.6,3775229.4,255844.0,1112174.9,24856751.7
155.7,3771741.5,254231.1,1106183.9,24867843.5
155.8,3768275.6,252628.5,1100220.5,24878875.5
155.9,3764831.6,251035.9,1094284.6,24889848.0
156.0,3761409.2,249453.3,1088376.2,24900761.3
156.1,3758008.5,247880.8,1082495.2,24911615.6
156.2,3754629.1,246318.1,1076641.5,24922411.3
156.3,3751271.1,244765.3,1070815.1,24933148.5
156.4,3747934.2,243222.4,1065015.8,24943827.6
156.5,3744618.4,241689.1,1059243.6,24954448.9
156.6,3741323.4,240165.5,1053498.4,24965012.6
156.7,3738049.2,238651.6,1047780.2,24975519.0
156.8,3734795.6,237147.2,1042088.9,24985968.3
156.9,3731562.5,235652.3,1036424.3,24996360.8
157.0,3728349.8,234166.9,1030786.5,25006696.9
157.1,3725157.2,232690.9,1025175.2,25016976.7
157.2,3721984.8,231224.1,1019590.6,25027200.5
157.3,3718832.4,229766.7,1014032.4,25037368.6
157.4,3715699.7,228318.5,1008500.6,25047481.2
157.5,3712586.8,226879.4,1002995.1,25057538.7
157.6,3709493.5,225449.5,997515.8,25067541.2
157.7,3706419.7,224028.6,992062.7,25077489.1
157.8,3703365.2,222616.6,986635.7,25087382.5
157.9,3700329.8,221213.7,981234.6,25097221.9
158.0,3697313.6,219819.6,975859.5,25107007.3
158.1,3694316.4,218434.3,970510.2,25116739.1
158.2,3691338.0,217057.8,965186.6,25126417.6
158.3,3688378.3,215690.0,959888.7,25136043.0
158.4,3685437.2,214330.9,954616.4,25145615.5
158.5,3682514.6,212980.4,949369.6,25155135.4
158.6,3679610.4,211638.4,944148.2,25164602.9
158.7,3676724.4,210305.0,938952.2,25174018.4
158.8,3673856.6,208980.0,933781.4,25183382.1
158.9,3671006.7,207663.4,928635.7,25192694.1
159.0,3668174.8,206355.2,923515.2,25201954.9
159.1,3665360.7,205055.2,918419.6,25211164.5
159.2,3662564.2,203763.5,913348.9,25220323.3
159.3,3659785.3,202480.0,908303.1,25229431.6
159.4,3657023.8,201204.6,903282.1,25238489.5
159.5,3654279.7,199937.3,898285.6,25247497.3
159.6,3651552.8,198678.1,893313.8,25256455.3
159.7,3648843.1,197426.8,888366.5,25265363.7
159.8,3646150.3,196183.5,883443.5,25274222.7
159.9,3643474.4,194948.1,878544.9,25283032.6
160.0,3640815.3,193720.5,873670.5,25291793.7
160.1,3638172.9,192500.7,868820.3,25300506.1
160.2,3635547.1,191288.6,863994.1,25309170.2
160.3,3632937.7,190084.3,859191.9,25317786.1
160.4,3630344.7,188887.6,854413.6,25326354.1
160.5,3627768.0,187698.5,849659.1,25334874.4
160.6,3625207.4,186516.9,844928.3,25343347.3
160.7,3622662.9,185342.8,840221.2,25351773.1
160.8,3620134.3,184176.2,835537.6,25360151.8
160.9,3617621.6,183017.0,830877.5,25368483.9
161.0,3615124.6,181865.2,826240.7,25376769.5
161.1,3612643.3,180720.7,821627.2,25385008.8
161.2,3610177.5,179583.4,817037.0,25393202.1
161.3,3607727.2,178453.4,812469.8,25401349.6
161.4,3605292.2,177330.6,807925.7,25409451.6
161.5,3602872.5,176214.9,803404.5,25417508.2
161.6,3600467.9,175106.2,798906.1,25425519.7
161.7,3598078.4,174004.7,794430.6,25433486.4
161.8,3595703.8,172910.1,789977.7,25441408.4
161.9,3593344.1,171822.4,785547.4,25449286.0
162.0,3590999.2,170741.7,781139.6,25457119.4
162.1,3588669.0,169667.9,776754.2,25464908.9
162.2,3586353.3,168600.9,772391.2,25472654.6
162.3,3584052.2,167540.6,768050.4,25480356.8
162.4,3581765.4,166487.1,763731.8,25488015.7
162.5,3579493.0,165440.3,759435.2,25495631.5
162.6,3577234.7,164400.1,755160.7,25503204.5
162.7,3574990.6,163366.6,750908.0,25510734.8
162.8,3572760.5,162339.6,746677.2,25518222.7
162.9,3570544.4,161319.2,742468.0,25525668.4
163.0,3568342.2,160305.2,738280.5,25533072.1
163.1,3566153.7,159297.7,734114.6,25540434.1
163.2,3563978.9,158296.5,729970.1,25547754.5
163.3,3561817.6,157301.8,725847.0,25555033.6
163.4,3559669.9,156313.3,721745.2,25562271.5
163.5,3557535.7,155331.2,717664.6,25569468.5
163.6,3555414.7,154355.3,713605.1,25576624.9
163.7,3553307.0,153385.6,709566.7,25583740.7
163.8,3551212.5,152422.0,705549.2,25590816.3
163.9,3549131.1,151464.6,701552.6,25597851.8
164.0,3547062.6,150513.3,697576.7,25604847.4
164.1,3545007.1,149568.0,693621.5,25611803.4
164.2,3542964.5,148628.7,689687.0,25618719.9
164.3,3540934.5,147695.4,685772.9,25625597.2
164.4,3538917.3,146768.0,681879.3,25632435.4
164.5,3536912.7,145846.5,678006.0,25639234.8
164.6,3534920.5,144930.9,674153.0,25645995.6
164.7,3532940.8,144021.0,670320.2,25652717.9
164.8,3530973.5,143117.0,666507.4,25659402.1
164.9,3529018.4,142218.7,662714.7,25666048.2
165.0,3527075.6,141326.1,658941.8,25672656.4
165.1,3525144.9,140439.2,655188.9,25679227.1
165.2,3523226.2,139558.0,651455.6,25685760.3
165.3,3521319.5,138682.3,647742.0,25692256.2
165.4,3519424.6,137812.2,644048.0,25698715.2
165.5,3517541.6,136947.6,640373.5,25705137.3
165.6,3515670.4,136088.5,636718.4,25711522.7
165.7,3513810.8,135234.8,633082.7,25717871.7
165.8,3511962.8,134386.6,629466.1,25724184.4
165.9,3510126.3,133543.8,625868.8,25730461.1
166.0,3508301.3,132706.3,622290.5,25736701.9
166.1,3506487.7,131874.2,618731.2,25742907.0
166.2,3504685.3,131047.3,615190.8,25749076.6
166.3,3502894.2,130225.7,611669.2,25755210.8
166.4,3501114.3,129409.3,608166.4,25761310.0
166.5,3499345.4,128598.1,604682.3,25767374.2
166.6,3497587.6,127792.0,601216.7,25773403.7
166.7,3495840.7,126991.1,597769.6,25779398.6
166.8,3494104.7,126195.2,594340.9,25785359.2
166.9,3492379.6,125404.4,590930.5,25791285.5
167.0,3490665.1,124618.6,587538.4,25797177.8
167.1,3488961.4,123837.8,584164.5,25803036.3
167.2,3487268.2,123062.0,580808.6,25808861.2
167.3,3485585.6,122291.0,577470.8,25814652.6
167.4,3483913.5,121525.0,574150.8,25820410.7
167.5,3482251.8,120763.8,570848.7,25826135.6
167.6,3480600.4,120007.5,567564.4,25831827.7
167.7,3478959.3,119256.0,564297.7,25837487.0
167.8,3477328.4,118509.2,561048.6,25843113.7
167.9,3475707.7,117767.2,557817.1,25848708.0
168.0,3474097.1,117029.9,554603.0,25854270.1
168.1,3472496.4,116297.2,551406.2,25859800.1
168.2,3470905.8,115569.2,548226.7,25865298.3
168.3,3469325.0,114845.8,545064.4,25870764.7
168.4,3467754.1,114127.1,541919.2,25876199.6
168.5,3466192.9,113412.8,538791.1,25881603.2
168.6,3464641.5,112703.1,535679.9,25886975.5
168.7,3463099.7,111997.9,532585.6,25892316.8
168.8,3461567.5,111297.2,529508.1,25897627.3
168.9,3460044.8,110600.9,526447.3,25902907.0
169.0,3458531.6,109909.0,523403.1,25908156.3
169.1,3457027.7,109221.5,520375.5,25913375.2
169.2,3455533.3,108538.4,517364.5,25918563.8
169.3,3454048.1,107859.6,514369.8,25923722.5
169.4,3452572.2,107185.1,511391.4,25928851.3
169.5,3451105.4,106514.9,508429.3,25933950.4
169.6,3449647.7,105848.9,505483.4,25939019.9
169.7,3448199.1,105187.2,502553.6,25944060.1
169.8,3446759.6,104529.6,499639.8,25949071.1
169.9,3445328.9,103876.2,496741.9,25954053.0
170.0,3443907.1,103226.9,493860.0,25959006.0
170.1,3442494.2,102581.8,490993.8,25963930.2
170.2,3441090.0,101940.7,488143.3,25968825.9
170.3,3439694.6,101303.7,485308.5,25973693.1
170.4,3438307.8,100670.8,482489.3,25978532.1
170.5,3436929.7,100041.8,479685.6,25983343.0
170.6,3435560.1,99416.8,476897.2,25988125.9
170.7,3434199.0,98795.8,474124.3,25992881.0
170.8,3432846.3,98178.7,471366.6,25997608.4
170.9,3431502.1,97565.5,468624.1,26002308.3
171.0,3430166.2,96956.2,465896.7,26006980.9
171.1,3428838.6,96350.8,463184.3,26011626.3
171.2,3427519.2,95749.2,460487.0,26016244.7
171.3,3426208.0,95151.3,457804.5,26020836.1
171.4,3424904.9,94557.3,455136.9,26025400.8
171.5,3423610.0,93967.0,452484.1,26029938.9
171.6,3422323.0,93380.5,449845.9,26034450.5
171.7,3421044.1,92797.7,447222.4,26038935.9
171.8,3419773.1,92218.5,444613.3,26043395.0
171.9,3418509.9,91643.1,442018.8,26047828.2
172.0,3417254.7,91071.2,439438.7,26052235.5
172.1,3416007.1,90503.0,436872.9,26056617.0
172.2,3414767.4,89938.4,434321.3,26060973.0
172.3,3413535.3,89377.3,431783.9,26065303.5
172.4,3412310.8,88819.8,429260.7,26069608.7
172.5,3411094.0,88265.8,426751.5,26073888.7
172.6,3409884.7,87715.3,424256.3,26078143.8
172.7,3408682.9,87168.3,421775.0,26082373.9
172.8,3407488.5,86624.7,419307.5,26086579.3
172.9,3406301.5,86084.6,416853.8,26090760.1
173.0,3405121.9,85547.9,414413.8,26094916.4
173.1,3403949.6,85014.5,411987.4,26099048.4
173.2,3402784.6,84484.6,409574.6,26103156.2
173.3,3401626.8,83958.0,407175.3,26107240.0
173.4,3400476.2,83434.7,404789.4,26111299.8
173.5,3399332.7,82914.7,402416.8,26115335.8
173.6,3398196.2,82398.0,400057.6,26119348.2
173.7,3397066.9,81884.6,397711.6,26123337.0
173.8,3395944.5,81374.4,395378.7,26127302.4
173.9,3394829.0,80867.4,393059.0,26131244.6
174.0,3393720.5,80363.6,390752.2,26135163.7
174.1,3392618.8,79863.0,388458.4,26139059.7
174.2,3391524.0,79365.6,386177.6,26142932.9
174.3,3390435.9,78871.3,383909.5,26146783.3
174.4,3389354.6,78380.1,381654.2,26150611.1
174.5,3388280.0,77892.0,379411.6,26154416.4
174.6,3387212.0,77407.0,377181.6,26158199.4
174.7,3386150.7,76925.0,374964.2,26161960.1
174.8,3385095.9,76446.1,372759.3,26165698.7
174.9,3384047.6,75970.2,370566.9,26169415.3
175.0,3383005.8,75497.3,368386.8,26173110.1
175.1,3381970.5,75027.4,366219.0,26176783.1
175.2,3380941.6,74560.5,364063.5,26180434.5
175.3,3379919.0,74096.5,361920.1,26184064.4
175.4,3378902.8,73635.4,359788.9,26187672.9
175.5,3377892.9,73177.2,357669.7,26191260.2
175.6,3376889.2,72721.9,355562.6,26194826.4
175.7,3375891.7,72269.5,353467.3,26198371.5
175.8,3374900.4,71819.9,351384.0,26201895.8
175.9,3373915.2,71373.1,349312.4,26205399.2
176.0,3372936.1,70929.2,347252.6,26208882.1
176.1,3371963.1,70488.1,345204.5,26212344.3
176.2,3370996.1,70049.7,343168.0,26215786.2
176.3,3370035.0,69614.1,341143.1,26219207.7
176.4,3369079.9,69181.2,339129.7,26222609.1
176.5,3368130.8,68751.1,337127.8,26225990.4
176.6,3367187.5,68323.7,335137.2,26229351.7
176.7,3366250.0,67898.9,333158.0,26232693.1
176.8,3365318.3,67476.9,331190.0,26236014.9
176.9,3364392.4,67057.5,329233.2,26239317.0
177.0,3363472.2,66640.7,327287.6,26242599.6
177.1,3362557.6,66226.5,325353.1,26245862.8
177.2,3361648.8,65815.0,323429.6,26249106.7
177.3,3360745.5,65406.0,321517.1,26252331.4
177.4,3359847.9,64999.6,319615.5,26255537.0
177.5,3358955.8,64595.8,317724.7,26258723.7
177.6,3358069.2,64194.5,315844.8,26261891.6
177.7,3357188.0,63795.7,313975.6,26265040.7
177.8,3356312.4,63399.5,312117.1,26268171.1
177.9,3355442.1,63005.7,310269.2,26271283.0
178.0,3354577.2,62614.4,308431.9,26274376.5
178.1,3353717.6,62225.5,306605.1,26277451.7
178.2,3352863.4,61839.1,304788.8,26280508.7
178.3,3352014.4,61455.1,302982.9,26283547.5
178.4,3351170.7,61073.6,301187.3,26286568.4
178.5,3350332.2,60694.4,299402.1,26289571.3
178.6,3349498.9,60317.6,297627.0,26292556.4
178.7,3348670.7,59943.2,295862.2,26295523.9
178.8,3347847.6,59571.1,294107.5,26298473.7
178.9,3347029.6,59201.4,292362.9,26301406.1
179.0,3346216.7,58834.0,290628.3,26304321.0
179.1,3345408.8,58468.9,288903.7,26307218.7
179.2,3344605.9,58106.1,287189.0,26310099.1
179.3,3343807.9,57745.5,285484.1,26312962.5
179.4,3343014.8,57387.2,283789.1,26315808.8
179.5,3342226.7,57031.2,282103.8,26318638.3
179.6,3341443.4,56677.4,280428.2,26321450.9
179.7,3340665.0,56325.8,278762.3,26324246.9
179.8,3339891.3,55976.5,277106.0,26327026.2
179.9,3339122.4,55629.3,275459.2,26329789.0
180.0,3338358.3,55284.3,273822.0,26332535.4
180.1,3337598.9,54941.4,272194.1,26335265.5
180.2,3336844.2,54600.7,270575.7,26337979.4
180.3,3336094.1,54262.2,268966.6,26340677.1
180.4,3335348.7,53925.7,267366.9,26343358.7
180.5,3334607.8,53591.4,265776.3,26346024.4
180.6,3333871.6,53259.2,264195.0,26348674.3
180.7,3333139.8,52929.0,262622.8,26351308.4
180.8,3332412.6,52600.9,261059.7,26353926.8
180.9,3331689.9,52274.9,259505.6,26356529.6
181.0,3330971.6,51950.9,257960.5,26359116.9
181.1,3330257.8,51629.0,256424.4,26361688.8
181.2,3329548.4,51309.0,254897.2,26364245.4
181.3,3328843.3,50991.1,253378.8,26366786.8
181.4,3328142.6,50675.2,251869.2,26369313.0
181.5,3327446.2,50361.2,250368.4,26371824.2
181.6,3326754.1,50049.2,248876.3,26374320.4
181.7,3326066.3,49739.1,247392.8,26376801.8
181.8,3325382.7,49431.0,245918.0,26379268.3
181.9,3324703.3,49124.8,244451.7,26381720.2
182.0,3324028.1,48820.6,242993.9,26384157.4
182.1,3323357.1,48518.2,241544.6,26386580.1
182.2,3322690.2,48217.7,240103.8,26388988.3
182.3,3322027.4,47919.1,238671.3,26391382.2
182.4,3321368.7,47622.4,237247.1,26393761.7
182.5,3320714.1,47327.6,235831.2,26396127.1
182.6,3320063.5,47034.5,234423.5,26398478.4
182.7,3319416.9,46743.3,233024.1,26400815.6
182.8,3318774.3,46454.0,231632.8,26403138.9
182.9,3318135.7,46166.4,230249.6,26405448.3
183.0,3317501.0,45880.6,228874.4,26407743.9
183.1,3316870.2,45596.7,227507.3,26410025.8
183.2,3316243.3,45314.5,226148.1,26412294.1
183.3,3315620.3,45034.0,224796.9,26414548.8
183.4,3315001.1,44755.3,223453.5,26416790.1
183.5,3314385.7,44478.4,222118.0,26419017.9
183.6,3313774.1,44203.2,220790.3,26421232.4
183.7,3313166.3,43929.7,219470.3,26423433.7
183.8,3312562.2,43657.9,218158.1,26425621.9
183.9,3311961.8,43387.8,216853.5,26427796.9
184.0,3311365.1,43119.4,215556.5,26429959.0
184.1,3310772.2,42852.6,214267.1,26432108.1
184.2,3310182.8,42587.6,212985.2,26434244.3
184.3,3309597.1,42324.2,211710.9,26436367.8
184.4,3309015.0,42062.4,210444.0,26438478.6
184.5,3308436.5,41802.3,209184.5,26440576.7
184.6,3307861.6,41543.8,207932.4,26442662.3
184.7,3307290.1,41286.9,206687.6,26444735.4
184.8,3306722.3,41031.6,205450.1,26446796.1
184.9,3306157.9,40777.9,204219.8,26448844.4
185.0,3305596.9,40525.8,202996.8,26450880.5
185.1,3305039.5,40275.2,201780.9,26452904.4
185.2,3304485.4,40026.2,200572.2,26454916.1
185.3,3303934.8,39778.8,199370.5,26456915.8
185.4,3303387.6,39532.9,198175.9,26458903.6
185.5,3302843.7,39288.6,196988.3,26460879.4
185.6,3302303.2,39045.8,195807.7,26462843.4
185.7,3301766.0,38804.4,194634.0,26464795.6
185.8,3301232.2,38564.6,193467.1,26466736.1
185.9,3300701.6,38326.3,192307.2,26468664.9
186.0,3300174.2,38089.5,191154.0,26470582.2
186.1,3299650.2,37854.1,190007.7,26472488.0
186.2,3299129.3,37620.3,188868.0,26474382.4
186.3,3298611.6,37387.8,187735.1,26476265.4
186.4,3298097.2,37156.9,186608.8,26478137.1
186.5,3297585.9,36927.3,185489.2,26479997.6
186.6,3297077.7,36699.2,184376.1,26481846.9
186.7,3296572.7,36472.5,183269.6,26483685.2
186.8,3296070.8,36247.2,182169.6,26485512.4
186.9,3295572.0,36023.4,181076.1,26487328.6
187.0,3295076.2,35800.9,179989.0,26489133.9
187.1,3294583.5,35579.8,178908.4,26490928.4
187.2,3294093.8,35360.1,177834.0,26492712.1
187.3,3293607.1,35141.7,176766.1,26494485.1
187.4,3293123.5,34924.7,175704.4,26496247.4
187.5,3292642.8,34709.1,174649.0,26497999.2
187.6,3292165.0,34494.8,173599.7,26499740.4
187.7,3291690.2,34281.8,172556.7,26501471.2
187.8,3291218.4,34070.2,171519.9,26503191.6
187.9,3290749.4,33859.9,170489.1,26504901.6
188.0,3290283.3,33650.8,169464.5,26506601.4
188.1,3289820.1,33443.1,168445.9,26508290.9
188.2,3289359.7,33236.7,167433.3,26509970.3
188.3,3288902.2,33031.6,166426.7,26511639.6
188.4,3288447.4,32827.7,165426.0,26513298.9
188.5,3287995.5,32625.1,164431.2,26514948.2
188.6,3287546.3,32423.8,163442.4,26516587.5
188.7,3287099.9,32223.7,162459.3,26518217.0
188.8,3286656.3,32024.9,161482.1,26519836.7
188.9,3286215.4,31827.3,160510.7,26521446.7
189.0,3285777.2,31630.9,159545.0,26523047.0
189.1,3285341.7,31435.7,158585.0,26524637.6
189.2,3284908.8,31241.8,157630.7,26526218.7
189.3,3284478.6,31049.1,156682.0,26527790.2
189.4,3284051.1,30857.5,155739.0,26529352.3
189.5,3283626.2,30667.2,154801.6,26530905.0
189.6,3283203.9,30478.0,153869.7,26532448.4
189.7,3282784.2,30290.0,152943.3,26533982.4
189.8,3282367.1,30103.2,152022.4,26535507.3
189.9,3281952.6,29917.6,151106.9,26537022.9
190.0,3281540.6,29733.1,150196.9,26538529.4
190.1,3281131.1,29549.7,149292.3,26540026.9
190.2,3280724.2,29367.5,148393.1,26541515.3
190.3,3280319.7,29186.4,147499.1,26542994.7
190.4,3279917.7,29006.4,146610.5,26544465.3
190.5,3279518.2,28827.6,145727.2,26545927.0
190.6,3279121.2,28649.9,144849.1,26547379.9
190.7,3278726.6,28473.2,143976.2,26548824.0
190.8,3278334.4,28297.7,143108.5,26550259.4
190.9,3277944.7,28123.2,142245.9,26551686.2
191.0,3277557.3,27949.9,141388.5,26553104.3
191.1,3277172.3,27777.6,140536.1,26554513.9
191.2,3276789.7,27606.4,139688.8,26555915.1
191.3,3276409.4,27436.2,138846.6,26557307.7
191.4,3276031.5,27267.1,138009.4,26558692.0
191.5,3275655.9,27099.1,137177.1,26560067.9
191.6,3275282.6,26932.1,136349.8,26561435.6
191.7,3274911.6,26766.1,135527.4,26562795.0
191.8,3274542.9,26601.2,134709.9,26564146.1
191.9,3274176.4,26437.2,133897.2,26565489.2
192.0,3273812.2,26274.3,133089.4,26566824.1
192.1,3273450.2,26112.4,132286.4,26568151.0
192.2,3273090.5,25951.6,131488.2,26569469.8
192.3,3272732.9,25791.7,130694.7,26570780.8
192.4,3272377.6,25632.8,129905.9,26572083.8
192.5,3272024.4,25474.9,129121.9,26573378.9
192.6,3271673.4,25317.9,128342.5,26574666.2
192.7,3271324.6,25162.0,127567.7,26575945.8
192.8,3270977.9,25007.0,126797.6,26577217.6
192.9,3270633.3,24852.9,126032.0,26578481.7
193.0,3270290.9,24699.9,125271.0,26579738.2
193.1,3269950.5,24547.7,124514.6,26580987.2
193.2,3269612.3,24396.5,123762.7,26582228.5
193.3,3269276.1,24246.3,123015.2,26583462.4
193.4,3268942.0,24097.0,122272.2,26584688.9
193.5,3268609.9,23948.6,121533.6,26585907.9
193.6,3268279.9,23801.1,120799.5,26587119.5
193.7,3267951.9,23654.5,120069.7,26588323.9
193.8,3267625.9,23508.9,119344.2,26589520.9
193.9,3267301.9,23364.1,118623.1,26590710.8
194.0,3266980.0,23220.3,117906.3,26591893.4
194.1,3266659.9,23077.3,117193.8,26593068.9
194.2,3266341.9,22935.2,116485.5,26594237.3
194.3,3266025.8,22794.0,115781.5,26595398.6
194.4,3265711.7,22653.7,115081.7,26596553.0
194.5,3265399.4,22514.3,114386.0,26597700.3
194.6,3265089.1,22375.7,113694.5,26598840.7
194.7,3264780.7,22237.9,113007.1,26599974.2
194.8,3264474.2,22101.1,112323.9,26601100.9
194.9,3264169.6,21965.0,111644.7,26602220.7
195.0,3263866.8,21829.8,110969.6,26603333.8
195.1,3263565.9,21695.5,110298.5,26604440.1
195.2,3263266.9,21562.0,109631.4,26605539.7
195.3,3262969.7,21429.3,108968.3,26606632.7
195.4,3262674.3,21297.4,108309.2,26607719.1
195.5,3262380.7,21166.3,107654.0,26608798.9
195.6,3262088.9,21036.1,107002.8,26609872.2
195.7,3261798.9,20906.6,106355.4,26610939.0
195.8,3261510.7,20778.0,105711.9,26611999.3
195.9,3261224.3,20650.2,105072.3,26613053.3
196.0,3260939.6,20523.1,104436.5,26614100.8
196.1,3260656.7,20396.8,103804.5,26615142.0
196.2,3260375.5,20271.3,103176.3,26616176.9
196.3,3260096.0,20146.6,102551.8,26617205.5
196.4,3259818.3,20022.7,101931.1,26618227.9
196.5,3259542.2,19899.5,101314.1,26619244.2
196.6,3259267.9,19777.1,100700.8,26620254.2
196.7,3258995.2,19655.4,100091.1,26621258.2
196.8,3258724.2,19534.5,99485.2,26622256.1
196.9,3258454.9,19414.4,98882.8,26623247.9
197.0,3258187.2,19295.0,98284.1,26624233.7
197.1,3257921.2,19176.3,97688.9,26625213.6
197.2,3257656.8,19058.4,97097.3,26626187.5
197.3,3257394.0,18941.1,96509.3,26627155.6
197.4,3257132.8,18824.7,95924.8,26628117.7
197.5,3256873.3,18708.9,95343.8,26629074.1
197.6,3256615.3,18593.8,94766.3,26630024.6
197.7,3256358.9,18479.5,94192.2,26630969.4
197.8,3256104.1,18365.9,93621.6,26631908.5
197.9,3255850.8,18252.9,93054.4,26632841.8
198.0,3255599.1,18140.7,92490.6,26633769.6
198.1,3255349.0,18029.2,91930.2,26634691.7
198.2,3255100.3,17918.3,91373.2,26635608.2
198.3,3254853.2,17808.1,90819.5,26636519.1
198.4,3254607.7,17698.7,90269.1,26637424.6
198.5,3254363.6,17589.8,89722.0,26638324.5
198.6,3254121.0,17481.7,89178.2,26639219.0
198.7,3253879.9,17374.2,88637.7,26640108.1
198.8,3253640.3,17267.4,88100.5,26640991.8
198.9,3253402.2,17161.3,87566.4,26641870.1
199.0,3253165.5,17055.8,87035.6,26642743.1
199.1,3252930.3,16950.9,86507.9,26643610.9
199.2,3252696.5,16846.8,85983.4,26644473.3
199.3,3252464.1,16743.2,85462.1,26645330.5
199.4,3252233.2,16640.3,84943.9,26646182.6
199.5,3252003.7,16538.0,84428.8,26647029.4
199.6,3251775.6,16436.4,83916.9,26647871.2
199.7,3251548.9,16335.4,83408.0,26648707.8
199.8,3251323.6,16235.0,82902.1,26649539.3
199.9,3251099.7,16135.2,82399.3,26650365.8
200.0,3250877.1,16036.0,81899.5,26651187.3
